Site,Cov,fac_sc,niche_med,niche_lwr,niche_upr,fit_med,fit_lwr,fit_upr,p_coexist,p_TRCY_wins,p_TROR_wins,p_priority,mean_g_TROR,mean_g_TRCY,p_valid_kappa,n_obs,p_sum,p_unclassified,max_support,most_supported_outcome,outcome_90
BEN,Shade,0,0.02072453548382952,-1.6114760218384188,0.6355345295115824,0.6774019319582163,0.1960536615248448,2.2738501765708774,0.20525,0.1175,0.513375,0.163875,1,1,1,128,1,0,0.513375,TROR_wins,ambiguous
BEN,Shade,1,0.02072453548382952,-1.6114760218384188,0.6355345295115824,0.7737910874079093,0.22297310961618183,2.4878948299943,0.22725,0.16,0.437125,0.175625,1,1,1,13,1,0,0.437125,TROR_wins,ambiguous
BEN,Shade,2,0.02072453548382952,-1.6114760218384188,0.6355345295115824,0.8629776698533272,0.2255405992640092,3.2151134844741325,0.21875,0.228875,0.375375,0.177,1,1,1,5,1,0,0.375375,TROR_wins,ambiguous
BEN,Shade,3,0.02072453548382952,-1.6114760218384188,0.6355345295115824,0.9595234779741775,0.2062474411365213,4.381324521088271,0.199375,0.298375,0.3365,0.16575,1,1,1,5,1,0,0.3365,TROR_wins,ambiguous
BEN,Shade,4,0.02072453548382952,-1.6114760218384188,0.6355345295115824,1.0549613066863968,0.1829576035654754,6.27990429374884,0.176125,0.358625,0.313125,0.152125,1,1,1,2,1,0,0.358625,TRCY_wins,ambiguous
BEN,Shade,5,0.02072453548382952,-1.6114760218384188,0.6355345295115824,1.1675954949344842,0.15734614366213853,9.041237378044045,0.15775,0.410375,0.29575,0.136125,1,1,1,2,1,0,0.410375,TRCY_wins,ambiguous
BEN,Sun,0,0.02072453548382952,-1.6114760218384188,0.6355345295115824,0.9468418511379085,0.27523583609375646,3.236489622127307,0.231,0.2585,0.321875,0.188625,1,1,1,37,1,0,0.321875,TROR_wins,ambiguous
BEN,Sun,1,0.02072453548382952,-1.6114760218384188,0.6355345295115824,1.0093818410940776,0.29856678248962637,3.337457843023589,0.23075,0.2845,0.287375,0.197375,1,1,1,26,1,0,0.287375,TROR_wins,ambiguous
BEN,Sun,2,0.02072453548382952,-1.6114760218384188,0.6355345295115824,1.0762283029058843,0.32140017459368925,3.553811132098646,0.22975,0.317375,0.253875,0.199,1,1,1,28,1,0,0.317375,TRCY_wins,ambiguous
BEN,Sun,3,0.02072453548382952,-1.6114760218384188,0.6355345295115824,1.142583620340733,0.333270832558699,3.8296224264863223,0.220875,0.356875,0.225375,0.196875,1,1,1,10,1,0,0.356875,TRCY_wins,ambiguous
BEN,Sun,4,0.02072453548382952,-1.6114760218384188,0.6355345295115824,1.209575781888107,0.3374269330034035,4.151224426548545,0.209625,0.393875,0.20525,0.19125,1,1,1,8,1,0,0.393875,TRCY_wins,ambiguous
BEN,Sun,5,0.02072453548382952,-1.6114760218384188,0.6355345295115824,1.295837909771565,0.3443195129447907,4.662396704767527,0.196375,0.437375,0.1875,0.17875,1,1,1,7,1,0,0.437375,TRCY_wins,ambiguous
BEN,Sun,6,0.02072453548382952,-1.6114760218384188,0.6355345295115824,1.3864492551102936,0.3410370712218235,5.269169444861022,0.185625,0.47225,0.17575,0.166375,1,1,1,8,1,0,0.47225,TRCY_wins,ambiguous
BEN,Sun,7,0.02072453548382952,-1.6114760218384188,0.6355345295115824,1.4680716507939633,0.3339601349283103,6.0715866850566425,0.174125,0.505125,0.166875,0.153875,1,1,1,2,1,0,0.505125,TRCY_wins,ambiguous
BEN,Sun,8,0.02072453548382952,-1.6114760218384188,0.6355345295115824,1.5612427334628867,0.32200027549383126,7.089741419852477,0.160125,0.531875,0.16275,0.14525,1,1,1,5,1,0,0.531875,TRCY_wins,ambiguous
BEN,Sun,9,0.02072453548382952,-1.6114760218384188,0.6355345295115824,1.6625618282416383,0.310452666577257,8.433352138577302,0.148,0.5595,0.1575,0.135,1,1,1,1,1,0,0.5595,TRCY_wins,ambiguous
BEN,Sun,10,0.02072453548382952,-1.6114760218384188,0.6355345295115824,1.7684443265736045,0.2946567176487666,9.942214385132022,0.14025,0.577625,0.1565,0.125625,1,1,1,1,1,0,0.577625,TRCY_wins,ambiguous
CS,Shade,0,0.02072453548382952,-1.6114760218384188,0.6355345295115824,0.571328847090474,-14.723027470197756,15.793065163587292,0.101125,0.276875,0.53925,0.08275,1,1,1,18,1,0,0.53925,TROR_wins,ambiguous
CS,Shade,1,0.02072453548382952,-1.6114760218384188,0.6355345295115824,0.03245977921847277,-8.647444723923364,9.804967276581372,0.063625,0.15925,0.724125,0.053,1,1,1,1,1,0,0.724125,TROR_wins,ambiguous
CS,Sun,0,0.02072453548382952,-1.6114760218384188,0.6355345295115824,1.5801591386743508,-5.388593101925377,14.618693474874878,0.1325,0.529875,0.21625,0.121375,1,1,1,64,1,0,0.529875,TRCY_wins,ambiguous
CS,Sun,1,0.02072453548382952,-1.6114760218384188,0.6355345295115824,0.138605746915954,-9.58513669543456,10.416747249442759,0.0615,0.175875,0.707875,0.05475,1,1,1,4,1,0,0.707875,TROR_wins,ambiguous
CS,Sun,2,0.02072453548382952,-1.6114760218384188,0.6355345295115824,-0.010004366380055557,-9.908659235780913,9.683680479118049,0.062375,0.150625,0.7365,0.0505,1,1,1,2,1,0,0.7365,TROR_wins,ambiguous
GH,Shade,0,0.02072453548382952,-1.6114760218384188,0.6355345295115824,0.6082608172107284,0.17606105563056068,1.9733202327228536,0.192125,0.080625,0.573875,0.153375,1,1,1,109,1,0,0.573875,TROR_wins,ambiguous
GH,Shade,1,0.02072453548382952,-1.6114760218384188,0.6355345295115824,0.7560246498583798,0.22000721323226405,2.4154161147191227,0.223375,0.15,0.445875,0.18075,1,1,1,11,1,0,0.445875,TROR_wins,ambiguous
GH,Shade,2,0.02072453548382952,-1.6114760218384188,0.6355345295115824,0.8996095473644374,0.22435313880087485,3.4237171836240807,0.214875,0.251125,0.355875,0.178125,1,1,1,1,1,0,0.355875,TROR_wins,ambiguous
GH,Shade,3,0.02072453548382952,-1.6114760218384188,0.6355345295115824,1.0509368046282348,0.2042073462044864,5.2565673263809,0.185625,0.34875,0.306375,0.15925,1,1,1,1,1,0,0.34875,TRCY_wins,ambiguous
GH,Sun,0,0.02072453548382952,-1.6114760218384188,0.6355345295115824,0.8734024313076467,0.26624032608058235,2.805637572504015,0.238,0.213125,0.354875,0.194,1,1,1,135,1,0,0.354875,TROR_wins,ambiguous
GH,Sun,1,0.02072453548382952,-1.6114760218384188,0.6355345295115824,0.9924254235775345,0.3011792962913536,3.100171970829034,0.244125,0.26625,0.285125,0.2045,1,1,1,25,1,0,0.285125,TROR_wins,ambiguous
GH,Sun,2,0.02072453548382952,-1.6114760218384188,0.6355345295115824,1.109476811082175,0.319967360793093,3.6907439386421355,0.229,0.337375,0.237875,0.19575,1,1,1,8,1,0,0.337375,TRCY_wins,ambiguous
GH,Sun,3,0.02072453548382952,-1.6114760218384188,0.6355345295115824,1.235820083440157,0.3206655971131242,4.596721894879769,0.203125,0.409375,0.213125,0.174375,1,1,1,7,1,0,0.409375,TRCY_wins,ambiguous
GH,Sun,4,0.02072453548382952,-1.6114760218384188,0.6355345295115824,1.3821994571296408,0.3142790204895666,5.861720238747458,0.178625,0.474375,0.191125,0.155875,1,1,1,4,1,0,0.474375,TRCY_wins,ambiguous
GH,Sun,5,0.02072453548382952,-1.6114760218384188,0.6355345295115824,1.5433571746086772,0.2854766891149106,7.685895045375663,0.15475,0.523875,0.1815,0.139875,1,1,1,3,1,0,0.523875,TRCY_wins,ambiguous
GH,Sun,6,0.02072453548382952,-1.6114760218384188,0.6355345295115824,1.7204848963995507,0.26065473675651984,10.666753122050695,0.1355,0.56325,0.177125,0.124125,1,1,1,1,1,0,0.56325,TRCY_wins,ambiguous
GH,Sun,9,0.02072453548382952,-1.6114760218384188,0.6355345295115824,2.373424631584011,0.18774570510201108,29.230293087680014,0.096125,0.6405,0.173375,0.09,1,1,1,1,1,0,0.6405,TRCY_wins,ambiguous
NAM,Shade,0,0.02072453548382952,-1.6114760218384188,0.6355345295115824,0.8738135926085125,0.2650881586199012,2.7060638190732993,0.240625,0.203125,0.356875,0.199375,1,1,1,100,1,0,0.356875,TROR_wins,ambiguous
NAM,Shade,1,0.02072453548382952,-1.6114760218384188,0.6355345295115824,1.0953170175275142,0.31640112495264344,3.4435195881843574,0.237375,0.330125,0.231625,0.200875,1,1,1,19,1,0,0.330125,TRCY_wins,ambiguous
NAM,Shade,2,0.02072453548382952,-1.6114760218384188,0.6355345295115824,1.3502139258194887,0.33802837478093445,4.902106319562449,0.1965,0.45725,0.174375,0.171875,1,1,1,4,1,0,0.45725,TRCY_wins,ambiguous
NAM,Shade,3,0.02072453548382952,-1.6114760218384188,0.6355345295115824,1.6269497156335926,0.32363225307807647,7.592674789842858,0.159,0.552625,0.147,0.141375,1,1,1,6,1,0,0.552625,TRCY_wins,ambiguous
NAM,Sun,0,0.02072453548382952,-1.6114760218384188,0.6355345295115824,1.1995002349487245,0.35792521304599345,3.775405765780468,0.230875,0.38,0.1895,0.199625,1,1,1,128,1,0,0.38,TRCY_wins,ambiguous
NAM,Sun,1,0.02072453548382952,-1.6114760218384188,0.6355345295115824,1.4072907726548194,0.42013121721127844,4.389732800203976,0.204875,0.4825,0.126625,0.186,1,1,1,24,1,0,0.4825,TRCY_wins,ambiguous
NAM,Sun,2,0.02072453548382952,-1.6114760218384188,0.6355345295115824,1.6451204704292648,0.4752028273211389,5.293065039641108,0.17,0.58225,0.085875,0.161875,1,1,1,11,1,0,0.58225,TRCY_wins,ambiguous
NAM,Sun,3,0.02072453548382952,-1.6114760218384188,0.6355345295115824,1.9147630339173212,0.5220794188658184,6.671806425002631,0.138625,0.659375,0.062875,0.139125,1,1,1,4,1,0,0.659375,TRCY_wins,ambiguous
NAM,Sun,4,0.02072453548382952,-1.6114760218384188,0.6355345295115824,2.2252719466218123,0.5572386366897911,8.744985316141252,0.111625,0.72425,0.050125,0.114,1,1,1,8,1,0,0.72425,TRCY_wins,ambiguous
NAM,Sun,5,0.02072453548382952,-1.6114760218384188,0.6355345295115824,2.5619095400411944,0.5892244754308422,12.07725136998783,0.092375,0.76925,0.0425,0.095875,1,1,1,4,1,0,0.76925,TRCY_wins,ambiguous
NAM,Sun,6,0.02072453548382952,-1.6114760218384188,0.6355345295115824,2.9614720634314713,0.6058907721341884,16.51128865202812,0.077,0.802125,0.037875,0.083,1,1,1,2,1,0,0.802125,TRCY_wins,ambiguous
NAM,Sun,7,0.02072453548382952,-1.6114760218384188,0.6355345295115824,3.4077890727288054,0.6022193784607575,22.477314527379473,0.065,0.82875,0.034625,0.071625,1,1,1,1,1,0,0.82875,TRCY_wins,ambiguous
NAM,Sun,17,0.02072453548382952,-1.6114760218384188,0.6355345295115824,12.457724143608676,-136.77400576258717,527.1999410968513,0.030375,0.876875,0.068625,0.024125,1,1,1,1,1,0,0.876875,TRCY_wins,ambiguous
PJ,Shade,0,0.02072453548382952,-1.6114760218384188,0.6355345295115824,1.1482708264149437,0.36516137089153267,3.4587031426591457,0.23625,0.3475,0.20825,0.208,1,1,1,184,1,0,0.3475,TRCY_wins,ambiguous
PJ,Shade,1,0.02072453548382952,-1.6114760218384188,0.6355345295115824,1.317549736031483,0.38720116600791804,4.330563237601299,0.21175,0.436875,0.160125,0.19125,1,1,1,11,1,0,0.436875,TRCY_wins,ambiguous
PJ,Shade,2,0.02072453548382952,-1.6114760218384188,0.6355345295115824,1.4888547965153287,0.356967873561389,7.343294264281289,0.178375,0.505875,0.151625,0.164125,1,1,1,3,1,0,0.505875,TRCY_wins,ambiguous
PJ,Shade,5,0.02072453548382952,-1.6114760218384188,0.6355345295115824,1.8074240057383604,-23.31707205196806,39.217121491615,0.109375,0.563125,0.2255,0.102,1,1,1,1,1,0,0.563125,TRCY_wins,ambiguous
PJ,Shade,6,0.02072453548382952,-1.6114760218384188,0.6355345295115824,1.8087073826429072,-49.192481685978784,54.652405759399436,0.095375,0.553625,0.25975,0.09125,1,1,1,1,1,0,0.553625,TRCY_wins,ambiguous
PJ,Shade,8,0.02072453548382952,-1.6114760218384188,0.6355345295115824,1.6487319202875022,-104.14909187346458,93.06921025098097,0.077375,0.524625,0.326875,0.071125,1,1,1,1,1,0,0.524625,TRCY_wins,ambiguous
PJ,Shade,10,0.02072453548382952,-1.6114760218384188,0.6355345295115824,1.419221874775117,-143.14615765571386,115.5308873791791,0.061375,0.49625,0.38575,0.056625,1,1,1,1,1,0,0.49625,TRCY_wins,ambiguous
PJ,Sun,0,0.02072453548382952,-1.6114760218384188,0.6355345295115824,1.5073091238902632,0.4749651528561807,4.707128446648209,0.186375,0.5255,0.105375,0.18275,1,1,1,180,1,0,0.5255,TRCY_wins,ambiguous
PJ,Sun,1,0.02072453548382952,-1.6114760218384188,0.6355345295115824,1.6563089433604177,0.47363874111673493,5.807761403695818,0.167,0.577375,0.09525,0.160375,1,1,1,10,1,0,0.577375,TRCY_wins,ambiguous
