Site,Cov,fac_present,outcome,Ricker,BH,delta_Ricker_minus_BH,abs_delta,change_gt_5pct,change_gt_10pct
BEN,Shade,No,TRCY wins,0.083375,0.1175,-0.03412499999999999,0.03412499999999999,FALSE,FALSE
BEN,Shade,No,TROR wins,0.589375,0.513375,0.07599999999999996,0.07599999999999996,TRUE,FALSE
BEN,Shade,No,Coexistence,0.14675,0.20525,-0.058499999999999996,0.058499999999999996,TRUE,FALSE
BEN,Shade,No,Priority effect,0.1805,0.163875,0.016625,0.016625,FALSE,FALSE
BEN,Shade,Yes,TRCY wins,0.32725,0.3855,-0.058250000000000024,0.058250000000000024,TRUE,FALSE
BEN,Shade,Yes,TROR wins,0.3155,0.303375,0.012124999999999997,0.012124999999999997,FALSE,FALSE
BEN,Shade,Yes,Coexistence,0.160375,0.16775,-0.00737500000000002,0.00737500000000002,FALSE,FALSE
BEN,Shade,Yes,Priority effect,0.196875,0.143375,0.05349999999999999,0.05349999999999999,TRUE,FALSE
GH,Shade,No,TRCY wins,0.078875,0.080625,-0.0017500000000000016,0.0017500000000000016,FALSE,FALSE
GH,Shade,No,TROR wins,0.570625,0.573875,-0.003249999999999975,0.003249999999999975,FALSE,FALSE
GH,Shade,No,Coexistence,0.156875,0.192125,-0.035250000000000004,0.035250000000000004,FALSE,FALSE
GH,Shade,No,Priority effect,0.193625,0.153375,0.04024999999999998,0.04024999999999998,FALSE,FALSE
GH,Shade,Yes,TRCY wins,0.18325,0.29975,-0.11650000000000002,0.11650000000000002,TRUE,TRUE
GH,Shade,Yes,TROR wins,0.399375,0.32925,0.07012499999999999,0.07012499999999999,TRUE,FALSE
GH,Shade,Yes,Coexistence,0.18925,0.20025,-0.01100000000000001,0.01100000000000001,FALSE,FALSE
GH,Shade,Yes,Priority effect,0.228125,0.17075,0.05737499999999998,0.05737499999999998,TRUE,FALSE
NAM,Shade,No,TRCY wins,0.14175,0.203125,-0.06137500000000001,0.06137500000000001,TRUE,FALSE
NAM,Shade,No,TROR wins,0.431875,0.356875,0.07500000000000001,0.07500000000000001,TRUE,FALSE
NAM,Shade,No,Coexistence,0.192125,0.240625,-0.048500000000000015,0.048500000000000015,FALSE,FALSE
NAM,Shade,No,Priority effect,0.23425,0.199375,0.03487500000000002,0.03487500000000002,FALSE,FALSE
NAM,Shade,Yes,TRCY wins,0.34275,0.552625,-0.20987500000000003,0.20987500000000003,TRUE,TRUE
NAM,Shade,Yes,TROR wins,0.231625,0.147,0.084625,0.084625,TRUE,FALSE
NAM,Shade,Yes,Coexistence,0.18525,0.159,0.026249999999999996,0.026249999999999996,FALSE,FALSE
NAM,Shade,Yes,Priority effect,0.240375,0.141375,0.099,0.099,TRUE,FALSE
PJ,Shade,No,TRCY wins,0.21825,0.3475,-0.12924999999999998,0.12924999999999998,TRUE,TRUE
PJ,Shade,No,TROR wins,0.320125,0.20825,0.111875,0.111875,TRUE,TRUE
PJ,Shade,No,Coexistence,0.207875,0.23625,-0.028374999999999984,0.028374999999999984,FALSE,FALSE
PJ,Shade,No,Priority effect,0.25375,0.208,0.045749999999999985,0.045749999999999985,FALSE,FALSE
PJ,Shade,Yes,TRCY wins,0.406,0.50925,-0.10324999999999995,0.10324999999999995,TRUE,TRUE
PJ,Shade,Yes,TROR wins,0.348375,0.357375,-0.009000000000000008,0.009000000000000008,FALSE,FALSE
PJ,Shade,Yes,Coexistence,0.106125,0.070125,0.03599999999999999,0.03599999999999999,FALSE,FALSE
PJ,Shade,Yes,Priority effect,0.1395,0.06325,0.07625000000000001,0.07625000000000001,TRUE,FALSE
CS,Shade,No,TRCY wins,0.37925,0.276875,0.102375,0.102375,TRUE,TRUE
CS,Shade,No,TROR wins,0.304625,0.53925,-0.23462500000000003,0.23462500000000003,TRUE,TRUE
CS,Shade,No,Coexistence,0.138,0.101125,0.036875000000000005,0.036875000000000005,FALSE,FALSE
CS,Shade,No,Priority effect,0.178125,0.08275,0.095375,0.095375,TRUE,FALSE
CS,Shade,Yes,TRCY wins,0.1715,0.15925,0.012250000000000011,0.012250000000000011,FALSE,FALSE
CS,Shade,Yes,TROR wins,0.589625,0.724125,-0.13450000000000006,0.13450000000000006,TRUE,TRUE
CS,Shade,Yes,Coexistence,0.102625,0.063625,0.03899999999999999,0.03899999999999999,FALSE,FALSE
CS,Shade,Yes,Priority effect,0.13625,0.053,0.08325000000000002,0.08325000000000002,TRUE,FALSE
BEN,Sun,No,TRCY wins,0.18,0.2585,-0.07850000000000001,0.07850000000000001,TRUE,FALSE
BEN,Sun,No,TROR wins,0.4015,0.321875,0.079625,0.079625,TRUE,FALSE
BEN,Sun,No,Coexistence,0.189625,0.231,-0.04137500000000002,0.04137500000000002,FALSE,FALSE
BEN,Sun,No,Priority effect,0.228875,0.188625,0.04025000000000001,0.04025000000000001,FALSE,FALSE
BEN,Sun,Yes,TRCY wins,0.378375,0.50825,-0.12987499999999996,0.12987499999999996,TRUE,TRUE
BEN,Sun,Yes,TROR wins,0.236875,0.165875,0.07100000000000001,0.07100000000000001,TRUE,FALSE
BEN,Sun,Yes,Coexistence,0.16775,0.173125,-0.005374999999999991,0.005374999999999991,FALSE,FALSE
BEN,Sun,Yes,Priority effect,0.217,0.15275,0.06425,0.06425,TRUE,FALSE
GH,Sun,No,TRCY wins,0.142125,0.213125,-0.07100000000000001,0.07100000000000001,TRUE,FALSE
GH,Sun,No,TROR wins,0.4475,0.354875,0.09262500000000001,0.09262500000000001,TRUE,FALSE
GH,Sun,No,Coexistence,0.18475,0.238,-0.05324999999999999,0.05324999999999999,TRUE,FALSE
GH,Sun,No,Priority effect,0.225625,0.194,0.031624999999999986,0.031624999999999986,FALSE,FALSE
GH,Sun,Yes,TRCY wins,0.263,0.56325,-0.30025,0.30025,TRUE,TRUE
GH,Sun,Yes,TROR wins,0.3175,0.177125,0.140375,0.140375,TRUE,TRUE
GH,Sun,Yes,Coexistence,0.1825,0.1355,0.046999999999999986,0.046999999999999986,FALSE,FALSE
GH,Sun,Yes,Priority effect,0.237,0.124125,0.11287499999999999,0.11287499999999999,TRUE,TRUE
NAM,Sun,No,TRCY wins,0.203875,0.38,-0.176125,0.176125,TRUE,TRUE
NAM,Sun,No,TROR wins,0.344875,0.1895,0.15537499999999999,0.15537499999999999,TRUE,TRUE
NAM,Sun,No,Coexistence,0.20475,0.230875,-0.02612500000000001,0.02612500000000001,FALSE,FALSE
NAM,Sun,No,Priority effect,0.2465,0.199625,0.046875,0.046875,FALSE,FALSE
NAM,Sun,Yes,TRCY wins,0.5335,0.82875,-0.29525,0.29525,TRUE,TRUE
NAM,Sun,Yes,TROR wins,0.11775,0.034625,0.08312499999999999,0.08312499999999999,TRUE,FALSE
NAM,Sun,Yes,Coexistence,0.144875,0.065,0.079875,0.079875,TRUE,FALSE
NAM,Sun,Yes,Priority effect,0.203875,0.071625,0.13225,0.13225,TRUE,TRUE
PJ,Sun,No,TRCY wins,0.262625,0.5255,-0.26287499999999997,0.26287499999999997,TRUE,TRUE
PJ,Sun,No,TROR wins,0.28325,0.105375,0.177875,0.177875,TRUE,TRUE
PJ,Sun,No,Coexistence,0.199875,0.186375,0.013499999999999984,0.013499999999999984,FALSE,FALSE
PJ,Sun,No,Priority effect,0.25425,0.18275,0.07149999999999998,0.07149999999999998,TRUE,FALSE
PJ,Sun,Yes,TRCY wins,0.292625,0.577375,-0.28474999999999995,0.28474999999999995,TRUE,TRUE
PJ,Sun,Yes,TROR wins,0.2565,0.09525,0.16125,0.16125,TRUE,TRUE
PJ,Sun,Yes,Coexistence,0.199,0.167,0.032,0.032,FALSE,FALSE
PJ,Sun,Yes,Priority effect,0.251875,0.160375,0.09150000000000003,0.09150000000000003,TRUE,FALSE
CS,Sun,No,TRCY wins,0.416,0.529875,-0.113875,0.113875,TRUE,TRUE
CS,Sun,No,TROR wins,0.20575,0.21625,-0.01050000000000001,0.01050000000000001,FALSE,FALSE
CS,Sun,No,Coexistence,0.16075,0.1325,0.028249999999999997,0.028249999999999997,FALSE,FALSE
CS,Sun,No,Priority effect,0.2175,0.121375,0.096125,0.096125,TRUE,FALSE
CS,Sun,Yes,TRCY wins,0.16375,0.150625,0.013124999999999998,0.013124999999999998,FALSE,FALSE
CS,Sun,Yes,TROR wins,0.642,0.7365,-0.09450000000000003,0.09450000000000003,TRUE,FALSE
CS,Sun,Yes,Coexistence,0.085625,0.062375,0.023250000000000007,0.023250000000000007,FALSE,FALSE
CS,Sun,Yes,Priority effect,0.108625,0.0505,0.058124999999999996,0.058124999999999996,TRUE,FALSE
