focsp,Site,Cov,fac_sc,lambda_med,lambda_lwr,lambda_upr
TRCY,BEN,Shade,0,2.49188623966298,1.2563028815527573,4.405919486132883
TRCY,BEN,Shade,1,3.1695496770107683,1.5921103507534173,5.679511954321428
TRCY,BEN,Shade,2,4.013871289969156,1.9224747025892748,7.812748354507889
TRCY,BEN,Shade,2.5,4.5300168192681705,2.087841373337313,9.34500282962651
TRCY,BEN,Shade,3,5.100704649093491,2.2460152803002074,11.08513815483657
TRCY,BEN,Shade,4,6.481698235818009,2.52900959751628,16.15690790406481
TRCY,BEN,Shade,4.5,7.292883360067347,2.6709793006010534,19.85594423533048
TRCY,BEN,Shade,5,8.218471418254481,2.788629403918925,24.13766408272912
TRCY,BEN,Shade,6,10.447862101866136,3.0009049501707565,35.95501086698552
TRCY,BEN,Shade,7,13.33268698008075,3.2509458670555462,53.18482997456593
TRCY,BEN,Shade,7.117647058823529,13.718344314343218,3.2676403826568023,55.569029379718266
TRCY,BEN,Shade,8,17.020066405474406,3.449188171396964,78.98531954033422
TRCY,BEN,Shade,9,21.730833076917193,3.6910350520314235,117.44978445810453
TRCY,BEN,Shade,10,27.735888894084336,3.8843258412664228,176.05770534243567
TRCY,BEN,Shade,17,151.79536086676612,5.5826497704498586,3391.228461046813
TRCY,BEN,Sun,0,5.1353768892301055,2.598014815961007,9.214113956447722
TRCY,BEN,Sun,1,5.4026400099024485,2.7486712679456913,9.62289586796926
TRCY,BEN,Sun,2,5.695565468681844,2.872618356078198,10.235929634601726
TRCY,BEN,Sun,2.5,5.8426350814432135,2.9159225571409655,10.603878837169642
TRCY,BEN,Sun,3,5.995407793197106,2.9517778041021403,11.051501148096348
TRCY,BEN,Sun,4,6.3024977020684485,3.0105934334370312,11.991531794657575
TRCY,BEN,Sun,4.5,6.463941782808248,3.0358702688923853,12.62070601115164
TRCY,BEN,Sun,5,6.644235108754275,3.024558615448014,13.342806419080683
TRCY,BEN,Sun,6,6.992644578866652,3.0324255772927464,14.949593284162649
TRCY,BEN,Sun,7,7.3741032888358955,3.003788147090845,16.994435435454328
TRCY,BEN,Sun,7.117647058823529,7.421482985025898,2.9870596210994464,17.229050329102787
TRCY,BEN,Sun,8,7.768411507590834,2.9835195277956337,19.202577491945036
TRCY,BEN,Sun,9,8.177304747635597,2.9385033850459847,21.741165236554124
TRCY,BEN,Sun,10,8.611354513811348,2.8409134267126244,24.976308989921222
TRCY,BEN,Sun,17,12.40716582502298,2.262941740461211,66.03686670055417
TRCY,GH,Shade,0,5.187112319412396,2.497616751338925,11.567539040245595
TRCY,GH,Shade,1,7.701788547172856,3.6362807398408696,17.503399755893692
TRCY,GH,Shade,2,11.48810976908986,4.742625598619212,29.113561783250734
TRCY,GH,Shade,2.5,14.046889323797139,5.314989091846164,38.349301986910866
TRCY,GH,Shade,3,17.206469297704935,5.927950062390061,51.184527831001276
TRCY,GH,Shade,4,25.57716660618301,7.003869124700696,92.13023897167957
TRCY,GH,Shade,4.5,31.142469095654874,7.52720606202029,125.54602187520283
TRCY,GH,Shade,5,38.00021201826185,8.115195803203944,172.7397227851763
TRCY,GH,Shade,6,56.33033817331445,9.455336970139385,327.505890757641
TRCY,GH,Shade,7,83.67809910179176,10.726001823985737,613.5479479980878
TRCY,GH,Shade,7.117647058823529,87.68305676078518,10.911768425295685,664.2137593154267
TRCY,GH,Shade,8,124.51513555547122,12.042139186862,1187.1275491407032
TRCY,GH,Shade,9,184.29199542258323,13.774019057512586,2244.366629374545
TRCY,GH,Shade,10,274.5193374061097,15.593354890042255,4281.227527076581
TRCY,GH,Shade,17,4403.101328332137,34.16526088807576,450369.2561917596
TRCY,GH,Sun,0,10.7017672741066,5.193052055053674,23.638951902614316
TRCY,GH,Sun,1,13.11443371380932,6.316770326400213,29.53348522852064
TRCY,GH,Sun,2,16.226626669022373,7.167497477384986,38.635689841081295
TRCY,GH,Sun,2.5,17.99713820684481,7.5097313030721535,45.167858042252945
TRCY,GH,Sun,3,19.998017230538757,7.92768706476619,52.99077367565167
TRCY,GH,Sun,4,24.648259926783624,8.373237019021115,73.81126836327243
TRCY,GH,Sun,4.5,27.382858266498054,8.679570300346787,87.39761199486897
TRCY,GH,Sun,5,30.437054895760355,8.863736360302477,105.88914972044226
TRCY,GH,Sun,6,37.34126606589534,9.057309082485476,154.98648814002692
TRCY,GH,Sun,7,45.834778244045324,9.194120126256056,232.56160297595508
TRCY,GH,Sun,7.117647058823529,47.01595041409365,9.20316493629958,243.80180677017842
TRCY,GH,Sun,8,56.23288633100353,9.342697062907744,350.00172093553937
TRCY,GH,Sun,9,69.25232289510285,9.40394669035446,531.5792967861235
TRCY,GH,Sun,10,85.27105947510768,9.171433661124338,801.0808040267599
TRCY,GH,Sun,17,352.3093479675411,8.626563189079267,14890.53448870097
TRCY,NAM,Shade,0,6.197374448366066,2.9804315959310226,13.853662614097068
TRCY,NAM,Shade,1,8.578996910256162,4.1107487635391795,19.57432855678331
TRCY,NAM,Shade,2,11.991444822748797,5.361817675758795,29.14412177605187
TRCY,NAM,Shade,2.5,14.18631786498199,5.980524335614771,36.16646256003322
TRCY,NAM,Shade,3,16.73099829199733,6.598444994539338,44.77856525399014
TRCY,NAM,Shade,4,23.313880495888792,7.926078080703072,69.96911753180588
TRCY,NAM,Shade,4.5,27.447564290275942,8.587356328037794,88.20089304450428
TRCY,NAM,Shade,5,32.37597141242746,9.340347242445356,111.23641183562475
TRCY,NAM,Shade,6,45.322971943840784,10.907151120309207,183.13214613848695
TRCY,NAM,Shade,7,63.519234971353065,12.724904844228195,304.226125747069
TRCY,NAM,Shade,7.117647058823529,66.0535360039461,12.879339398018177,323.7860928549933
TRCY,NAM,Shade,8,88.35806854557907,14.704840308998373,512.3011686677761
TRCY,NAM,Shade,9,122.82466743273368,16.845168314075675,862.4038151536738
TRCY,NAM,Shade,10,171.6646092501913,19.25011652249083,1453.9509590984987
TRCY,NAM,Shade,17,1740.7248053883375,45.92425315284343,61523.73216150614
TRCY,NAM,Sun,0,12.693123765152642,6.150318844335903,28.570992139422852
TRCY,NAM,Sun,1,14.606125701490324,7.130468236766041,32.89814186211235
TRCY,NAM,Sun,2,16.81292063024928,8.023981094396866,38.24165748130669
TRCY,NAM,Sun,2.5,18.071069142988357,8.423418806069844,41.502214203195216
TRCY,NAM,Sun,3,19.44134796098195,8.734019315999795,45.51634879158086
TRCY,NAM,Sun,4,22.431151870765675,9.499118351061412,55.04107277031553
TRCY,NAM,Sun,4.5,24.10790146947531,9.873124812496556,61.143969727818714
TRCY,NAM,Sun,5,25.910456279832133,10.273937285811845,67.70635881930438
TRCY,NAM,Sun,6,29.839995507775395,10.809509924638014,83.65584951314543
TRCY,NAM,Sun,7,34.32974633589817,11.38619098993732,104.41106189628027
TRCY,NAM,Sun,7.117647058823529,34.919300694835904,11.400151917866651,107.16766126991553
TRCY,NAM,Sun,8,39.62748373883274,11.75451026133517,131.1906466175042
TRCY,NAM,Sun,9,45.743482027887275,12.183615564481597,167.94725091946248
TRCY,NAM,Sun,10,52.5876420218013,12.49912832424668,214.4850517086972
TRCY,NAM,Sun,17,141.46499975844898,14.597209385884593,1250.67502965665
TRCY,PJ,Shade,0,10.317671731630767,4.7239610729415364,22.53151864887294
TRCY,PJ,Shade,1,11.321773524592775,5.199758520389653,24.804771702753175
TRCY,PJ,Shade,2,12.43186296973858,5.445416511085061,28.097259175920147
TRCY,PJ,Shade,2.5,13.01379694609203,5.61412303069666,30.41531180378603
TRCY,PJ,Shade,3,13.641937631779747,5.701114401300759,33.024653236326955
TRCY,PJ,Shade,4,14.996532253909688,5.8223856475225215,38.92009264934953
TRCY,PJ,Shade,4.5,15.741981791456167,5.764120091125425,42.66995239387953
TRCY,PJ,Shade,5,16.444546874995403,5.736382893906812,46.73336675539489
TRCY,PJ,Shade,6,18.12455966860702,5.5650296588384425,57.24621413083475
TRCY,PJ,Shade,7,19.976043663493705,5.345284445883344,70.25320031072783
TRCY,PJ,Shade,7.117647058823529,20.188059999369358,5.318297856891835,71.82417511128786
TRCY,PJ,Shade,8,21.974842561040116,5.151224306337758,86.22402572652639
TRCY,PJ,Shade,9,24.168602986182865,4.933907871295778,107.46424702552746
TRCY,PJ,Shade,10,26.60575561044962,4.698928752213832,134.33194647237676
TRCY,PJ,Shade,17,51.167190744560024,3.396329164600437,691.2733101966088
TRCY,PJ,Sun,0,21.170733826408707,9.759271973410659,46.354670752907104
TRCY,PJ,Sun,1,19.303134140854873,8.77894943089871,42.45942949755453
TRCY,PJ,Sun,2,17.522531195279285,7.351190885705892,42.89622071426714
TRCY,PJ,Sun,2.5,16.68764450703023,6.560552399881686,43.749029203984506
TRCY,PJ,Sun,3,15.884867370302658,5.819247770009533,45.66514856631322
TRCY,PJ,Sun,4,14.422165203781029,4.505693336455639,48.52549229174959
TRCY,PJ,Sun,4.5,13.68270936530965,3.9579259485539886,50.40946990899155
TRCY,PJ,Sun,5,13.043568286848231,3.4060056083076846,52.38507795438841
TRCY,PJ,Sun,6,11.830850605804857,2.5429569343162153,58.546217678576916
TRCY,PJ,Sun,7,10.796340754197029,1.8700050605312937,65.78626957106103
TRCY,PJ,Sun,7.117647058823529,10.669765091873579,1.798472559516218,66.67655579096194
TRCY,PJ,Sun,8,9.770975101195635,1.3607848872781598,74.13019499143726
TRCY,PJ,Sun,9,8.848113730390796,0.9963599970434148,85.56656220857332
TRCY,PJ,Sun,10,8.037673944542608,0.7280463693987524,99.1579524421908
TRCY,PJ,Sun,17,3.986524196677176,0.07457775195380495,265.721796149603
TRCY,CS,Shade,0,2.6732037823473944,1.1964912895191977,7.418928513172357
TRCY,CS,Shade,1,2.9915909395427285,0.7557607528265725,11.146861085752816
TRCY,CS,Shade,2,3.3565799848180635,0.29260422938608477,25.89863044278063
TRCY,CS,Shade,2.5,3.5583874092304155,0.17098530860910383,41.181192358794576
TRCY,CS,Shade,3,3.7531480991752124,0.10297670270666165,66.51948801911587
TRCY,CS,Shade,4,4.149741137881049,0.03415236074958208,181.4420119980235
TRCY,CS,Shade,4.5,4.363832481092363,0.020543630266148697,310.9438486265194
TRCY,CS,Shade,5,4.587413658361578,0.012201232491713005,523.775741456205
TRCY,CS,Shade,6,5.027748195391605,0.004230938586693599,1470.3332248131076
TRCY,CS,Shade,7,5.596336774328165,0.0014583025702699624,4198.259973774974
TRCY,CS,Shade,7.117647058823529,5.633612297203541,0.0012740824617011677,4787.372270580941
TRCY,CS,Shade,8,6.106338895473314,4.953959991216803e-4,11903.20615296288
TRCY,CS,Shade,9,6.804456666391532,1.663549861919422e-4,33220.688596995475
TRCY,CS,Shade,10,7.4898801343269215,5.7778662651202303e-5,92265.11287625357
TRCY,CS,Shade,17,14.96840564138078,3.167657130626077e-8,158431906.34600174
TRCY,CS,Sun,0,5.498668077369115,2.521239000567251,15.156836248451414
TRCY,CS,Sun,1,5.11920419565803,1.2953313677425102,18.876752349430298
TRCY,CS,Sun,2,4.700723356342962,0.40397126086565643,35.91080070815622
TRCY,CS,Sun,2.5,4.51663491911909,0.21631171169939908,51.23094415734618
TRCY,CS,Sun,3,4.343842765779151,0.11766775805652871,76.38166243198874
TRCY,CS,Sun,4,4.003955797881705,0.033131491509060466,174.69559228389113
TRCY,CS,Sun,4.5,3.825002160734222,0.017858237529803617,265.05864479101956
TRCY,CS,Sun,5,3.6832781794620946,0.009433131789789226,405.7012651286388
TRCY,CS,Sun,6,3.4210101720850976,0.0027384499651919776,960.1769872485718
TRCY,CS,Sun,7,3.1495342806083504,7.757457288765096e-4,2219.427077463679
TRCY,CS,Sun,7.117647058823529,3.109688550578592,6.668620059816437e-4,2457.8059127130205
TRCY,CS,Sun,8,2.883335333974304,2.169403220556042e-4,5158.498259718718
TRCY,CS,Sun,9,2.6490806854793565,6.282865687715963e-5,11992.361307789577
TRCY,CS,Sun,10,2.4181354473081003,1.7863977117320884e-5,28520.9235693815
TRCY,CS,Sun,17,1.3148814178784787,2.6091694411007077e-9,11918386.483762722
TROR,BEN,Shade,0,2.8949771126158383,1.47158921464861,5.107953757101807
TROR,BEN,Shade,1,3.279807617163157,1.6322767522871957,6.012542930750751
TROR,BEN,Shade,2,3.750499267571141,1.6844312379226511,7.701454427418528
TROR,BEN,Shade,2.5,3.9874983529815955,1.6615699356048101,9.008259254627168
TROR,BEN,Shade,3,4.256211604918521,1.6180991040715873,10.542691060966893
TROR,BEN,Shade,4,4.830594256801971,1.523121889928502,14.588516831686784
TROR,BEN,Shade,4.5,5.146784165848906,1.4601915604569795,17.33592242478885
TROR,BEN,Shade,5,5.499550558231314,1.4032971455904866,20.494791199168386
TROR,BEN,Shade,6,6.291562479953698,1.2953398896755526,29.41172733413126
TROR,BEN,Shade,7,7.132128810956257,1.1781792871872139,42.416187134809924
TROR,BEN,Shade,7.117647058823529,7.243934491969339,1.1607335380650572,43.974645723589575
TROR,BEN,Shade,8,8.163049182099211,1.0603956621263546,61.29122747752947
TROR,BEN,Shade,9,9.308509065667181,0.9530122486283015,87.98465950672043
TROR,BEN,Shade,10,10.531011724582555,0.8562760053097834,125.86879224736357
TROR,BEN,Shade,17,26.233262668230786,0.3762414571827039,1677.5936711351176
TROR,BEN,Sun,0,4.711077579617312,2.3712292194975473,8.352276150473578
TROR,BEN,Sun,1,4.669829039621781,2.3658610432490197,8.185935276606973
TROR,BEN,Sun,2,4.624388023773504,2.3403019648667556,8.251694364638398
TROR,BEN,Sun,2.5,4.611944557869416,2.2992926912350358,8.3095865659687
TROR,BEN,Sun,3,4.579625722606963,2.2427735884642734,8.441648882710547
TROR,BEN,Sun,4,4.543549659798234,2.145582371633463,8.783257278807223
TROR,BEN,Sun,4.5,4.5332420194238585,2.0949346402910902,8.942007348635538
TROR,BEN,Sun,5,4.518330286491212,2.0367090538991834,9.123886673783092
TROR,BEN,Sun,6,4.4845042840317575,1.9116134406598757,9.650830117286244
TROR,BEN,Sun,7,4.446369521576142,1.776051920123045,10.34404537032113
TROR,BEN,Sun,7.117647058823529,4.440161748556413,1.7645413271800166,10.425767653679474
TROR,BEN,Sun,8,4.405797954940715,1.6466696724268264,11.076792440265356
TROR,BEN,Sun,9,4.370525805647803,1.5140882063994368,11.743659608579181
TROR,BEN,Sun,10,4.356285090526974,1.3798319682923526,12.599649734023277
TROR,BEN,Sun,17,4.132751297975486,0.6941270427134374,22.25993172340249
TROR,GH,Shade,0,6.547189733923581,3.140136599872604,14.45819061839351
TROR,GH,Shade,1,8.357609220073432,3.888232855580655,18.90611362356807
TROR,GH,Shade,2,10.72247845584018,4.442589016697496,26.658244455201608
TROR,GH,Shade,2.5,12.136826120349488,4.678680629056837,32.67601882754021
TROR,GH,Shade,3,13.69198372738961,4.850811340268467,40.343801425762784
TROR,GH,Shade,4,17.644935651299242,5.023139901975938,63.40642761910777
TROR,GH,Shade,4.5,19.95365524718747,5.055610079286954,80.75226061237662
TROR,GH,Shade,5,22.520117641117526,5.072302991612506,103.30992347628434
TROR,GH,Shade,6,28.76472322463099,4.984709466236948,170.17930051384832
TROR,GH,Shade,7,36.72574061784293,4.900287450329063,281.00746160017695
TROR,GH,Shade,7.117647058823529,37.76848220014732,4.885285292036062,298.11727439298176
TROR,GH,Shade,8,47.08072337940865,4.791250978177523,463.18749581506034
TROR,GH,Shade,9,60.1222078492149,4.72546127244153,763.3263080233991
TROR,GH,Shade,10,76.2408482568022,4.656010633519366,1264.546756061766
TROR,GH,Shade,17,426.40310265506037,4.0235246848320605,45119.04181280737
TROR,GH,Sun,0,10.625978329591437,5.214836833327226,23.407812951379746
TROR,GH,Sun,1,11.824791930229864,5.851418350467384,26.10619584409368
TROR,GH,Sun,2,13.202933736075675,6.326388249084456,29.489173302894258
TROR,GH,Sun,2.5,13.980144386322443,6.547274810720525,31.89670047667619
TROR,GH,Sun,3,14.782702674347536,6.717089236678992,34.63392450616176
TROR,GH,Sun,4,16.582952463516648,6.964998901659503,40.859562738956065
TROR,GH,Sun,4.5,17.447911581732576,6.96987379408317,45.26991141928784
TROR,GH,Sun,5,18.415842505789662,7.024937399992957,50.14997470957421
TROR,GH,Sun,6,20.526323096527165,7.081527933909351,61.247900093769786
TROR,GH,Sun,7,22.839818938310696,7.06941238744671,75.4315963148513
TROR,GH,Sun,7.117647058823529,23.127213055307116,7.052875420627639,77.46790267332203
TROR,GH,Sun,8,25.3995709657649,7.00238067220047,94.68465915812637
TROR,GH,Sun,9,28.444246860187242,6.890354077534419,119.17821597573484
TROR,GH,Sun,10,31.754623656541035,6.702719743986097,150.26898687577915
TROR,GH,Sun,17,68.29765166803217,5.628762541612802,809.8368142560776
TROR,NAM,Shade,0,6.041947306706367,2.880894900867327,13.820838958525936
TROR,NAM,Shade,1,6.806642513222532,3.1292168434054113,15.739051943962025
TROR,NAM,Shade,2,7.670055886995742,3.119157978723614,19.308582081869513
TROR,NAM,Shade,2.5,8.176824145911896,3.0510226701000978,21.74177223720635
TROR,NAM,Shade,3,8.666797062666664,2.988075543951869,24.815701034323588
TROR,NAM,Shade,4,9.746345019333933,2.727745509928278,33.575630622265244
TROR,NAM,Shade,4.5,10.344600951735927,2.591704320913513,39.25479201470885
TROR,NAM,Shade,5,11.006845298654671,2.469094505774663,46.581809824901015
TROR,NAM,Shade,6,12.35666130921926,2.198949452413942,65.81234736652029
TROR,NAM,Shade,7,13.909604311530458,1.9229815791315292,92.9368145292992
TROR,NAM,Shade,7.117647058823529,14.11009265927554,1.8969477435433482,96.94974832375766
TROR,NAM,Shade,8,15.733242034004773,1.6890675438763278,132.8220125428205
TROR,NAM,Shade,9,17.682468997575135,1.471671107634748,190.4204238489922
TROR,NAM,Shade,10,19.92097313345687,1.2576321578084737,274.4283429617409
TROR,NAM,Shade,17,45.96018960489173,0.4403312997449906,3792.9609644568955
TROR,NAM,Sun,0,9.820614459977996,4.665452779817328,22.082178014519034
TROR,NAM,Sun,1,9.59592019754582,4.554245830129754,21.81104127622755
TROR,NAM,Sun,2,9.40722087087208,4.3147035501231725,21.627692763004536
TROR,NAM,Sun,2.5,9.381231519388358,4.1891425137517295,21.760669094993464
TROR,NAM,Sun,3,9.282084330830143,3.9969046725014175,22.007872286153862
TROR,NAM,Sun,4,9.11093878404613,3.658722917419251,22.5168534886475
TROR,NAM,Sun,4.5,9.044793239854389,3.460707367681278,22.87336981136195
TROR,NAM,Sun,5,8.960314495289042,3.2955177466537906,23.33009996694508
TROR,NAM,Sun,6,8.777132702363092,2.965909248816212,24.2522073386797
TROR,NAM,Sun,7,8.618052314557627,2.62718757397631,25.28967283426856
TROR,NAM,Sun,7.117647058823529,8.60035929788356,2.585434074121622,25.543973703619702
TROR,NAM,Sun,8,8.465217860992507,2.2955883683430645,26.78601966885846
TROR,NAM,Sun,9,8.31953500147997,1.975041779352254,28.29844495440161
TROR,NAM,Sun,10,8.154905793631684,1.6944666188613675,30.265301297618457
TROR,NAM,Sun,17,7.186129205744951,0.5833568982068271,53.65589938098484
TROR,PJ,Shade,0,7.757166869863681,3.535348220312349,16.870435186152143
TROR,PJ,Shade,1,7.543414413884898,3.216874278069179,17.098567221896364
TROR,PJ,Shade,2,7.4110722232681026,2.4283998846539943,19.399071197420035
TROR,PJ,Shade,2.5,7.3225877457454285,2.0138340701797346,21.410278359414544
TROR,PJ,Shade,3,7.2629173586641596,1.6943143033569468,23.748519621862194
TROR,PJ,Shade,4,7.128170965826233,1.1539736350079985,30.79026690271836
TROR,PJ,Shade,4.5,7.103679025346029,0.9512532349212699,35.12848834011573
TROR,PJ,Shade,5,7.033043779760865,0.7787173337340259,40.00795189217224
TROR,PJ,Shade,6,6.949071479799537,0.513074376917036,51.96867792768659
TROR,PJ,Shade,7,6.817621880932876,0.33821438723341307,69.01779598024545
TROR,PJ,Shade,7.117647058823529,6.795229917433449,0.3227375051286884,71.39780266833644
TROR,PJ,Shade,8,6.687159795479986,0.22335697049400238,91.47814597596658
TROR,PJ,Shade,9,6.565942019189753,0.14394770062121715,121.16491013246764
TROR,PJ,Shade,10,6.444942642788188,0.09196201193325923,160.73665035179516
TROR,PJ,Shade,17,5.700945302282015,0.0043078916942136496,1245.6194857076005
TROR,PJ,Sun,0,12.605069684466908,5.664724118537364,26.936355287034882
TROR,PJ,Sun,1,10.64100040627892,4.518395400833196,24.75150051420962
TROR,PJ,Sun,2,9.067526680331545,2.875851342352732,26.49965312667275
TROR,PJ,Sun,2.5,8.374007615135628,2.227425693900383,28.249142274771682
TROR,PJ,Sun,3,7.736635931698501,1.6439210576888899,30.523102026417465
TROR,PJ,Sun,4,6.573490025673387,0.9290626842021104,36.950629516139486
TROR,PJ,Sun,4.5,6.093059900422759,0.6904782005647638,40.81185823120179
TROR,PJ,Sun,5,5.621806302076791,0.513504227297569,45.28648185641224
TROR,PJ,Sun,6,4.801408103255749,0.28088391161263293,55.994574057714
TROR,PJ,Sun,7,4.131929515776523,0.15274307917284038,69.18153608885662
TROR,PJ,Sun,7.117647058823529,4.045831420147259,0.14267362693035207,70.87264117837498
TROR,PJ,Sun,8,3.518526101677553,0.0825678056097549,85.22857633464854
TROR,PJ,Sun,9,3.004517879763328,0.04430327963763495,107.4848331004604
TROR,PJ,Sun,10,2.578492051938521,0.023841014493536188,133.83902511142298
TROR,PJ,Sun,17,0.8501740499908673,3.1194531792053364e-4,640.6862542549133
TROR,CS,Shade,0,2.0615067888758554,0.8858823072548078,5.762726721143643
TROR,CS,Shade,1,3.8062982926543225,0.9388594280278171,14.010833922865357
TROR,CS,Shade,2,7.080920005177452,0.5968723432891274,55.09730895453853
TROR,CS,Shade,2.5,9.656954537414219,0.4657473557091665,115.67167559277607
TROR,CS,Shade,3,13.045792928116505,0.3562774647378337,243.32417289267318
TROR,CS,Shade,4,23.880952646025538,0.2069148394719419,1159.7140809295893
TROR,CS,Shade,4.5,32.43273957957298,0.15615164307074791,2539.8385323457433
TROR,CS,Shade,5,44.0671265551334,0.11793174654006368,5482.358469517328
TROR,CS,Shade,6,80.5181967230796,0.06580986684169267,25663.269561408735
TROR,CS,Shade,7,145.3857911447957,0.03662750418125281,128370.79374568496
TROR,CS,Shade,7.117647058823529,155.60418448226534,0.03416895307295314,151726.15853410284
TROR,CS,Shade,8,263.77363528364526,0.019880588204896736,589032.5510133083
TROR,CS,Shade,9,482.7652007451251,0.011263675256235613,2834988.6803264604
TROR,CS,Shade,10,878.8115844325139,0.006254984560577628,13852099.20517711
TROR,CS,Shade,17,59239.070066397464,1.1617526752972765e-4,927884048853.2275
TROR,CS,Sun,0,3.350759885303485,1.4468954519498964,9.307790061457418
TROR,CS,Sun,1,5.382607900723201,1.3817014199032631,19.342779760624847
TROR,CS,Sun,2,8.763200293659413,0.8043286291494057,64.51608543983475
TROR,CS,Sun,2.5,11.025816389661468,0.5855747209178336,124.86910279061286
TROR,CS,Sun,3,13.979890494563097,0.4264467409838135,249.99834008263315
TROR,CS,Sun,4,22.32646771021078,0.22561759621330674,1007.4096554431131
TROR,CS,Sun,4.5,27.948319231792716,0.16246797704108018,1974.359261072458
TROR,CS,Sun,5,35.578003958440874,0.1163094481253893,4000.682763984475
TROR,CS,Sun,6,56.67597635547199,0.05845210547905142,16747.295352608493
TROR,CS,Sun,7,89.34340336085515,0.028625129735529505,66992.61439166954
TROR,CS,Sun,7.117647058823529,94.72793539048388,0.02657317658270365,78459.0175684976
TROR,CS,Sun,8,142.29752287995314,0.015202360333220739,282044.4198131186
TROR,CS,Sun,9,228.04234685353316,0.007771932140927469,1203328.7633442094
TROR,CS,Sun,10,366.5633399533482,0.0037030474761003984,5074513.710407542
TROR,CS,Sun,17,9396.511558093362,2.9067343396082035e-5,120408354553.32024
