"Site","Cov","fac_sc","niche_med","niche_lwr","niche_upr","fit_med","fit_lwr","fit_upr","p_coexist","p_TRCY_wins","p_TROR_wins","p_priority","mean_g_TROR","mean_g_TRCY","p_valid_kappa","n_obs","p_sum","p_unclassified","max_support","most_supported_outcome","outcome_90"
"BEN","Shade",0,-0.0424663058636684,-1.20406703671768,0.474137784551464,0.683318384190107,0.245513991128255,1.60887687543994,0.14675,0.083375,0.589375,0.1805,1,1,1,128,1,0,0.589375,"TROR_wins","ambiguous"
"BEN","Shade",1,-0.0424663058636684,-1.20406703671768,0.474137784551464,0.78382561024394,0.319128462598068,1.81619921338592,0.18175,0.133,0.472125,0.213125,1,1,1,13,1,0,0.472125,"TROR_wins","ambiguous"
"BEN","Shade",2,-0.0424663058636684,-1.20406703671768,0.474137784551464,0.86489040210674,0.335325914752698,2.22122045089227,0.1825,0.20025,0.398875,0.218375,1,1,1,5,1,0,0.398875,"TROR_wins","ambiguous"
"BEN","Shade",3,-0.0424663058636684,-1.20406703671768,0.474137784551464,0.935198200680303,0.330298496297581,2.74539815975586,0.17275,0.264,0.35175,0.2115,1,1,1,5,1,0,0.35175,"TROR_wins","ambiguous"
"BEN","Shade",4,-0.0424663058636684,-1.20406703671768,0.474137784551464,0.983677934314751,0.316346160097059,3.42308131377403,0.164875,0.307875,0.323375,0.203875,1,1,1,2,1,0,0.323375,"TROR_wins","ambiguous"
"BEN","Shade",5,-0.0424663058636684,-1.20406703671768,0.474137784551464,1.02389615627859,0.297961460795299,4.40132886509482,0.1535,0.34525,0.309625,0.191625,1,1,1,2,1,0,0.34525,"TRCY_wins","ambiguous"
"BEN","Sun",0,-0.0424663058636684,-1.20406703671768,0.474137784551464,0.861416971466041,0.357110383415177,2.00403875573708,0.189625,0.18,0.4015,0.228875,1,1,1,37,1,0,0.4015,"TROR_wins","ambiguous"
"BEN","Sun",1,-0.0424663058636684,-1.20406703671768,0.474137784551464,0.89165810338506,0.373689550890818,2.06628233318621,0.195875,0.199625,0.368875,0.235625,1,1,1,26,1,0,0.368875,"TROR_wins","ambiguous"
"BEN","Sun",2,-0.0424663058636684,-1.20406703671768,0.474137784551464,0.92689451577064,0.387923108131624,2.13871632452713,0.2005,0.2245,0.3325,0.2425,1,1,1,28,1,0,0.3325,"TROR_wins","ambiguous"
"BEN","Sun",3,-0.0424663058636684,-1.20406703671768,0.474137784551464,0.9631037910328,0.39865484640462,2.26061664693912,0.19675,0.2505,0.30625,0.2465,1,1,1,10,1,0,0.30625,"TROR_wins","ambiguous"
"BEN","Sun",4,-0.0424663058636684,-1.20406703671768,0.474137784551464,0.997783622942171,0.407865764353712,2.36528387743331,0.19,0.281875,0.280625,0.2475,1,1,1,8,1,0,0.281875,"TRCY_wins","ambiguous"
"BEN","Sun",5,-0.0424663058636684,-1.20406703671768,0.474137784551464,1.02833045784455,0.416650672100913,2.54963282873152,0.18225,0.316125,0.262875,0.23875,1,1,1,7,1,0,0.316125,"TRCY_wins","ambiguous"
"BEN","Sun",6,-0.0424663058636684,-1.20406703671768,0.474137784551464,1.06195862811167,0.420506341215793,2.78185786967107,0.175875,0.347625,0.248,0.2285,1,1,1,8,1,0,0.347625,"TRCY_wins","ambiguous"
"BEN","Sun",7,-0.0424663058636684,-1.20406703671768,0.474137784551464,1.09964601553137,0.416154288353718,3.09178478759357,0.16925,0.374375,0.2375,0.218875,1,1,1,2,1,0,0.374375,"TRCY_wins","ambiguous"
"BEN","Sun",8,-0.0424663058636684,-1.20406703671768,0.474137784551464,1.13311757988574,0.411825709192506,3.55094316267478,0.16275,0.4,0.22725,0.21,1,1,1,5,1,0,0.4,"TRCY_wins","ambiguous"
"BEN","Sun",9,-0.0424663058636684,-1.20406703671768,0.474137784551464,1.17036166389718,0.400104576968297,4.05613166412759,0.154875,0.422,0.2205,0.202625,1,1,1,1,1,0,0.422,"TRCY_wins","ambiguous"
"BEN","Sun",10,-0.0424663058636684,-1.20406703671768,0.474137784551464,1.20140506493934,0.386876241680409,4.82175522950017,0.146375,0.444375,0.21425,0.195,1,1,1,1,1,0,0.444375,"TRCY_wins","ambiguous"
"CS","Shade",0,-0.0424663058636684,-1.20406703671768,0.474137784551464,1.06875350607629,-1.91383175248059,5.80936320785125,0.138,0.37925,0.304625,0.178125,1,1,1,18,1,0,0.37925,"TRCY_wins","ambiguous"
"CS","Shade",1,-0.0424663058636684,-1.20406703671768,0.474137784551464,0.627896675622295,-1.18104985625817,3.63706076011331,0.102625,0.1715,0.589625,0.13625,1,1,1,1,1,0,0.589625,"TROR_wins","ambiguous"
"CS","Sun",0,-0.0424663058636684,-1.20406703671768,0.474137784551464,1.16993210268318,0.429137242856842,3.75366782916075,0.16075,0.416,0.20575,0.2175,1,1,1,64,1,0,0.416,"TRCY_wins","ambiguous"
"CS","Sun",1,-0.0424663058636684,-1.20406703671768,0.474137784551464,0.780893109112362,0.0627667843023591,3.39626372575377,0.136,0.207875,0.484875,0.17125,1,1,1,4,1,0,0.484875,"TROR_wins","ambiguous"
"CS","Sun",2,-0.0424663058636684,-1.20406703671768,0.474137784551464,0.538487903354606,-1.54646951730865,4.1142010373642,0.085625,0.16375,0.642,0.108625,1,1,1,2,1,0,0.642,"TROR_wins","ambiguous"
"GH","Shade",0,-0.0424663058636684,-1.20406703671768,0.474137784551464,0.706441805210921,0.306853660800772,1.56843196485657,0.156875,0.078875,0.570625,0.193625,1,1,1,109,1,0,0.570625,"TROR_wins","ambiguous"
"GH","Shade",1,-0.0424663058636684,-1.20406703671768,0.474137784551464,0.778074390762,0.336755292234407,1.7316154661664,0.18,0.11875,0.48325,0.218,1,1,1,11,1,0,0.48325,"TROR_wins","ambiguous"
"GH","Shade",2,-0.0424663058636684,-1.20406703671768,0.474137784551464,0.832791336874775,0.348289875047671,1.91731310584318,0.189625,0.162,0.4225,0.225875,1,1,1,1,1,0,0.4225,"TROR_wins","ambiguous"
"GH","Shade",3,-0.0424663058636684,-1.20406703671768,0.474137784551464,0.877073614505442,0.350316844335383,2.12799427679314,0.190125,0.203625,0.376875,0.229375,1,1,1,1,1,0,0.376875,"TROR_wins","ambiguous"
"GH","Sun",0,-0.0424663058636684,-1.20406703671768,0.474137784551464,0.811545763606971,0.349517346564333,1.8266011979537,0.18475,0.142125,0.4475,0.225625,1,1,1,135,1,0,0.4475,"TROR_wins","ambiguous"
"GH","Sun",1,-0.0424663058636684,-1.20406703671768,0.474137784551464,0.84493864231881,0.364298461523166,1.88626781236271,0.19575,0.161625,0.407875,0.23475,1,1,1,25,1,0,0.407875,"TROR_wins","ambiguous"
"GH","Sun",2,-0.0424663058636684,-1.20406703671768,0.474137784551464,0.872630680058588,0.374617957090863,1.94273817983571,0.1965,0.183875,0.379625,0.24,1,1,1,8,1,0,0.379625,"TROR_wins","ambiguous"
"GH","Sun",3,-0.0424663058636684,-1.20406703671768,0.474137784551464,0.896567196221281,0.376420472669496,2.05109114388748,0.197875,0.20575,0.356,0.240375,1,1,1,7,1,0,0.356,"TROR_wins","ambiguous"
"GH","Sun",4,-0.0424663058636684,-1.20406703671768,0.474137784551464,0.920494177834276,0.375280703119416,2.13814109336962,0.19525,0.226875,0.339,0.238875,1,1,1,4,1,0,0.339,"TROR_wins","ambiguous"
"GH","Sun",5,-0.0424663058636684,-1.20406703671768,0.474137784551464,0.942873541613283,0.377970754841072,2.24284111300756,0.18925,0.2455,0.325625,0.239625,1,1,1,3,1,0,0.325625,"TROR_wins","ambiguous"
"GH","Sun",6,-0.0424663058636684,-1.20406703671768,0.474137784551464,0.963068240166053,0.376518841105271,2.35498822901554,0.1825,0.263,0.3175,0.237,1,1,1,1,1,0,0.3175,"TROR_wins","ambiguous"
"GH","Sun",9,-0.0424663058636684,-1.20406703671768,0.474137784551464,1.01745402526847,0.362577415679046,2.74192144891918,0.166625,0.314,0.2935,0.225875,1,1,1,1,1,0,0.314,"TRCY_wins","ambiguous"
"NAM","Shade",0,-0.0424663058636684,-1.20406703671768,0.474137784551464,0.826016719654869,0.36142076375387,1.80589107628307,0.192125,0.14175,0.431875,0.23425,1,1,1,100,1,0,0.431875,"TROR_wins","ambiguous"
"NAM","Shade",1,-0.0424663058636684,-1.20406703671768,0.474137784551464,0.919448762444321,0.399040899411412,2.02072235013802,0.2065,0.209625,0.334625,0.24925,1,1,1,19,1,0,0.334625,"TROR_wins","ambiguous"
"NAM","Shade",2,-0.0424663058636684,-1.20406703671768,0.474137784551464,1.00325067435074,0.42664441895467,2.31504957111863,0.19775,0.284125,0.272625,0.2455,1,1,1,4,1,0,0.284125,"TRCY_wins","ambiguous"
"NAM","Shade",3,-0.0424663058636684,-1.20406703671768,0.474137784551464,1.07892764592931,0.43577382278752,2.64698005067898,0.18525,0.34275,0.231625,0.240375,1,1,1,6,1,0,0.34275,"TRCY_wins","ambiguous"
"NAM","Sun",0,-0.0424663058636684,-1.20406703671768,0.474137784551464,0.90942498023261,0.387801591621428,2.01884535810881,0.20475,0.203875,0.344875,0.2465,1,1,1,128,1,0,0.344875,"TROR_wins","ambiguous"
"NAM","Sun",1,-0.0424663058636684,-1.20406703671768,0.474137784551464,0.971677463734752,0.413328386428799,2.1548195983689,0.206875,0.246125,0.29225,0.25475,1,1,1,24,1,0,0.29225,"TROR_wins","ambiguous"
"NAM","Sun",2,-0.0424663058636684,-1.20406703671768,0.474137784551464,1.03319325383311,0.440164041021322,2.31987964649059,0.19925,0.29775,0.24825,0.25475,1,1,1,11,1,0,0.29775,"TRCY_wins","ambiguous"
"NAM","Sun",3,-0.0424663058636684,-1.20406703671768,0.474137784551464,1.0951876195946,0.46069019923093,2.52723385949677,0.192,0.34675,0.211125,0.250125,1,1,1,4,1,0,0.34675,"TRCY_wins","ambiguous"
"NAM","Sun",4,-0.0424663058636684,-1.20406703671768,0.474137784551464,1.15710925032984,0.481940396799397,2.71868310139282,0.182375,0.395625,0.177625,0.244375,1,1,1,8,1,0,0.395625,"TRCY_wins","ambiguous"
"NAM","Sun",5,-0.0424663058636684,-1.20406703671768,0.474137784551464,1.22057760544306,0.503325726526252,2.9953273604619,0.167875,0.450375,0.151125,0.230625,1,1,1,4,1,0,0.450375,"TRCY_wins","ambiguous"
"NAM","Sun",6,-0.0424663058636684,-1.20406703671768,0.474137784551464,1.28263597109029,0.523266252241248,3.34174817813608,0.158,0.492875,0.131625,0.2175,1,1,1,2,1,0,0.492875,"TRCY_wins","ambiguous"
"NAM","Sun",7,-0.0424663058636684,-1.20406703671768,0.474137784551464,1.34992624902998,0.528517910381633,3.73070850418873,0.144875,0.5335,0.11775,0.203875,1,1,1,1,1,0,0.5335,"TRCY_wins","ambiguous"
"NAM","Sun",17,-0.0424663058636684,-1.20406703671768,0.474137784551464,1.92309468352148,-8.23146086676002,14.8958978964497,0.07325,0.6985,0.109875,0.118375,1,1,1,1,1,0,0.6985,"TRCY_wins","ambiguous"
"PJ","Shade",0,-0.0424663058636684,-1.20406703671768,0.474137784551464,0.931321324006741,0.412644215518369,2.01616587573899,0.207875,0.21825,0.320125,0.25375,1,1,1,184,1,0,0.320125,"TROR_wins","ambiguous"
"PJ","Shade",1,-0.0424663058636684,-1.20406703671768,0.474137784551464,0.985292286291714,0.430954529880711,2.19440856401396,0.205125,0.263,0.27475,0.257125,1,1,1,11,1,0,0.27475,"TROR_wins","ambiguous"
"PJ","Shade",2,-0.0424663058636684,-1.20406703671768,0.474137784551464,1.04386183059874,0.435305995052525,2.63490118969282,0.19075,0.3215,0.244875,0.242875,1,1,1,3,1,0,0.3215,"TRCY_wins","ambiguous"
"PJ","Shade",5,-0.0424663058636684,-1.20406703671768,0.474137784551464,1.1480986532342,-3.38941999827677,6.86468791000577,0.144375,0.4205,0.248,0.187125,1,1,1,1,1,0,0.4205,"TRCY_wins","ambiguous"
"PJ","Shade",6,-0.0424663058636684,-1.20406703671768,0.474137784551464,1.14857020835125,-4.70251341058202,9.10803066185506,0.131375,0.4255,0.267625,0.1755,1,1,1,1,1,0,0.4255,"TRCY_wins","ambiguous"
"PJ","Shade",8,-0.0424663058636684,-1.20406703671768,0.474137784551464,1.10897529275012,-9.06948186602604,12.2447353795038,0.114,0.4155,0.321125,0.149375,1,1,1,1,1,0,0.4155,"TRCY_wins","ambiguous"
"PJ","Shade",10,-0.0424663058636684,-1.20406703671768,0.474137784551464,1.03100574322878,-12.6209114735337,12.8859827640277,0.0995,0.39225,0.377625,0.130625,1,1,1,1,1,0,0.39225,"TRCY_wins","ambiguous"
"PJ","Sun",0,-0.0424663058636684,-1.20406703671768,0.474137784551464,0.985907921090752,0.426652989132659,2.18665069316527,0.199875,0.262625,0.28325,0.25425,1,1,1,180,1,0,0.28325,"TROR_wins","ambiguous"
"PJ","Sun",1,-0.0424663058636684,-1.20406703671768,0.474137784551464,1.02130232499643,0.435824898538006,2.30917647232507,0.199,0.292625,0.2565,0.251875,1,1,1,10,1,0,0.292625,"TRCY_wins","ambiguous"
