"focsp","Site","Cov","fac_sc","lambda_med","lambda_lwr","lambda_upr"
"TRCY","BEN","Shade",0,2.49188623966298,1.25630288155276,4.40591948613288
"TRCY","BEN","Shade",1,3.16954967701077,1.59211035075342,5.67951195432143
"TRCY","BEN","Shade",2,4.01387128996916,1.92247470258927,7.81274835450789
"TRCY","BEN","Shade",2.5,4.53001681926817,2.08784137333731,9.34500282962651
"TRCY","BEN","Shade",3,5.10070464909349,2.24601528030021,11.0851381548366
"TRCY","BEN","Shade",4,6.48169823581801,2.52900959751628,16.1569079040648
"TRCY","BEN","Shade",4.5,7.29288336006735,2.67097930060105,19.8559442353305
"TRCY","BEN","Shade",5,8.21847141825448,2.78862940391893,24.1376640827291
"TRCY","BEN","Shade",6,10.4478621018661,3.00090495017076,35.9550108669855
"TRCY","BEN","Shade",7,13.3326869800807,3.25094586705555,53.1848299745659
"TRCY","BEN","Shade",7.11764705882353,13.7183443143432,3.2676403826568,55.5690293797183
"TRCY","BEN","Shade",8,17.0200664054744,3.44918817139696,78.9853195403342
"TRCY","BEN","Shade",9,21.7308330769172,3.69103505203142,117.449784458105
"TRCY","BEN","Shade",10,27.7358888940843,3.88432584126642,176.057705342436
"TRCY","BEN","Shade",17,151.795360866766,5.58264977044986,3391.22846104681
"TRCY","BEN","Sun",0,5.13537688923011,2.59801481596101,9.21411395644772
"TRCY","BEN","Sun",1,5.40264000990245,2.74867126794569,9.62289586796926
"TRCY","BEN","Sun",2,5.69556546868184,2.8726183560782,10.2359296346017
"TRCY","BEN","Sun",2.5,5.84263508144321,2.91592255714097,10.6038788371696
"TRCY","BEN","Sun",3,5.99540779319711,2.95177780410214,11.0515011480963
"TRCY","BEN","Sun",4,6.30249770206845,3.01059343343703,11.9915317946576
"TRCY","BEN","Sun",4.5,6.46394178280825,3.03587026889239,12.6207060111516
"TRCY","BEN","Sun",5,6.64423510875428,3.02455861544801,13.3428064190807
"TRCY","BEN","Sun",6,6.99264457886665,3.03242557729275,14.9495932841626
"TRCY","BEN","Sun",7,7.3741032888359,3.00378814709084,16.9944354354543
"TRCY","BEN","Sun",7.11764705882353,7.4214829850259,2.98705962109945,17.2290503291028
"TRCY","BEN","Sun",8,7.76841150759083,2.98351952779563,19.202577491945
"TRCY","BEN","Sun",9,8.1773047476356,2.93850338504598,21.7411652365541
"TRCY","BEN","Sun",10,8.61135451381135,2.84091342671262,24.9763089899212
"TRCY","BEN","Sun",17,12.407165825023,2.26294174046121,66.0368667005542
"TRCY","GH","Shade",0,5.1871123194124,2.49761675133893,11.5675390402456
"TRCY","GH","Shade",1,7.70178854717286,3.63628073984087,17.5033997558937
"TRCY","GH","Shade",2,11.4881097690899,4.74262559861921,29.1135617832507
"TRCY","GH","Shade",2.5,14.0468893237971,5.31498909184616,38.3493019869109
"TRCY","GH","Shade",3,17.2064692977049,5.92795006239006,51.1845278310013
"TRCY","GH","Shade",4,25.577166606183,7.0038691247007,92.1302389716796
"TRCY","GH","Shade",4.5,31.1424690956549,7.52720606202029,125.546021875203
"TRCY","GH","Shade",5,38.0002120182618,8.11519580320394,172.739722785176
"TRCY","GH","Shade",6,56.3303381733145,9.45533697013938,327.505890757641
"TRCY","GH","Shade",7,83.6780991017918,10.7260018239857,613.547947998088
"TRCY","GH","Shade",7.11764705882353,87.6830567607852,10.9117684252957,664.213759315427
"TRCY","GH","Shade",8,124.515135555471,12.042139186862,1187.1275491407
"TRCY","GH","Shade",9,184.291995422583,13.7740190575126,2244.36662937455
"TRCY","GH","Shade",10,274.51933740611,15.5933548900423,4281.22752707658
"TRCY","GH","Shade",17,4403.10132833214,34.1652608880758,450369.25619176
"TRCY","GH","Sun",0,10.7017672741066,5.19305205505367,23.6389519026143
"TRCY","GH","Sun",1,13.1144337138093,6.31677032640021,29.5334852285206
"TRCY","GH","Sun",2,16.2266266690224,7.16749747738499,38.6356898410813
"TRCY","GH","Sun",2.5,17.9971382068448,7.50973130307215,45.1678580422529
"TRCY","GH","Sun",3,19.9980172305388,7.92768706476619,52.9907736756517
"TRCY","GH","Sun",4,24.6482599267836,8.37323701902111,73.8112683632724
"TRCY","GH","Sun",4.5,27.3828582664981,8.67957030034679,87.397611994869
"TRCY","GH","Sun",5,30.4370548957604,8.86373636030248,105.889149720442
"TRCY","GH","Sun",6,37.3412660658953,9.05730908248548,154.986488140027
"TRCY","GH","Sun",7,45.8347782440453,9.19412012625606,232.561602975955
"TRCY","GH","Sun",7.11764705882353,47.0159504140937,9.20316493629958,243.801806770178
"TRCY","GH","Sun",8,56.2328863310035,9.34269706290774,350.001720935539
"TRCY","GH","Sun",9,69.2523228951028,9.40394669035446,531.579296786123
"TRCY","GH","Sun",10,85.2710594751077,9.17143366112434,801.08080402676
"TRCY","GH","Sun",17,352.309347967541,8.62656318907927,14890.534488701
"TRCY","NAM","Shade",0,6.19737444836607,2.98043159593102,13.8536626140971
"TRCY","NAM","Shade",1,8.57899691025616,4.11074876353918,19.5743285567833
"TRCY","NAM","Shade",2,11.9914448227488,5.36181767575879,29.1441217760519
"TRCY","NAM","Shade",2.5,14.186317864982,5.98052433561477,36.1664625600332
"TRCY","NAM","Shade",3,16.7309982919973,6.59844499453934,44.7785652539901
"TRCY","NAM","Shade",4,23.3138804958888,7.92607808070307,69.9691175318059
"TRCY","NAM","Shade",4.5,27.4475642902759,8.58735632803779,88.2008930445043
"TRCY","NAM","Shade",5,32.3759714124275,9.34034724244536,111.236411835625
"TRCY","NAM","Shade",6,45.3229719438408,10.9071511203092,183.132146138487
"TRCY","NAM","Shade",7,63.5192349713531,12.7249048442282,304.226125747069
"TRCY","NAM","Shade",7.11764705882353,66.0535360039461,12.8793393980182,323.786092854993
"TRCY","NAM","Shade",8,88.3580685455791,14.7048403089984,512.301168667776
"TRCY","NAM","Shade",9,122.824667432734,16.8451683140757,862.403815153674
"TRCY","NAM","Shade",10,171.664609250191,19.2501165224908,1453.9509590985
"TRCY","NAM","Shade",17,1740.72480538834,45.9242531528434,61523.7321615061
"TRCY","NAM","Sun",0,12.6931237651526,6.1503188443359,28.5709921394229
"TRCY","NAM","Sun",1,14.6061257014903,7.13046823676604,32.8981418621123
"TRCY","NAM","Sun",2,16.8129206302493,8.02398109439687,38.2416574813067
"TRCY","NAM","Sun",2.5,18.0710691429884,8.42341880606984,41.5022142031952
"TRCY","NAM","Sun",3,19.441347960982,8.7340193159998,45.5163487915809
"TRCY","NAM","Sun",4,22.4311518707657,9.49911835106141,55.0410727703155
"TRCY","NAM","Sun",4.5,24.1079014694753,9.87312481249656,61.1439697278187
"TRCY","NAM","Sun",5,25.9104562798321,10.2739372858118,67.7063588193044
"TRCY","NAM","Sun",6,29.8399955077754,10.809509924638,83.6558495131454
"TRCY","NAM","Sun",7,34.3297463358982,11.3861909899373,104.41106189628
"TRCY","NAM","Sun",7.11764705882353,34.9193006948359,11.4001519178667,107.167661269916
"TRCY","NAM","Sun",8,39.6274837388327,11.7545102613352,131.190646617504
"TRCY","NAM","Sun",9,45.7434820278873,12.1836155644816,167.947250919462
"TRCY","NAM","Sun",10,52.5876420218013,12.4991283242467,214.485051708697
"TRCY","NAM","Sun",17,141.464999758449,14.5972093858846,1250.67502965665
"TRCY","PJ","Shade",0,10.3176717316308,4.72396107294154,22.5315186488729
"TRCY","PJ","Shade",1,11.3217735245928,5.19975852038965,24.8047717027532
"TRCY","PJ","Shade",2,12.4318629697386,5.44541651108506,28.0972591759201
"TRCY","PJ","Shade",2.5,13.013796946092,5.61412303069666,30.415311803786
"TRCY","PJ","Shade",3,13.6419376317797,5.70111440130076,33.024653236327
"TRCY","PJ","Shade",4,14.9965322539097,5.82238564752252,38.9200926493495
"TRCY","PJ","Shade",4.5,15.7419817914562,5.76412009112542,42.6699523938795
"TRCY","PJ","Shade",5,16.4445468749954,5.73638289390681,46.7333667553949
"TRCY","PJ","Shade",6,18.124559668607,5.56502965883844,57.2462141308348
"TRCY","PJ","Shade",7,19.9760436634937,5.34528444588334,70.2532003107278
"TRCY","PJ","Shade",7.11764705882353,20.1880599993694,5.31829785689184,71.8241751112879
"TRCY","PJ","Shade",8,21.9748425610401,5.15122430633776,86.2240257265264
"TRCY","PJ","Shade",9,24.1686029861829,4.93390787129578,107.464247025527
"TRCY","PJ","Shade",10,26.6057556104496,4.69892875221383,134.331946472377
"TRCY","PJ","Shade",17,51.16719074456,3.39632916460044,691.273310196609
"TRCY","PJ","Sun",0,21.1707338264087,9.75927197341066,46.3546707529071
"TRCY","PJ","Sun",1,19.3031341408549,8.77894943089871,42.4594294975545
"TRCY","PJ","Sun",2,17.5225311952793,7.35119088570589,42.8962207142671
"TRCY","PJ","Sun",2.5,16.6876445070302,6.56055239988169,43.7490292039845
"TRCY","PJ","Sun",3,15.8848673703027,5.81924777000953,45.6651485663132
"TRCY","PJ","Sun",4,14.422165203781,4.50569333645564,48.5254922917496
"TRCY","PJ","Sun",4.5,13.6827093653097,3.95792594855399,50.4094699089915
"TRCY","PJ","Sun",5,13.0435682868482,3.40600560830768,52.3850779543884
"TRCY","PJ","Sun",6,11.8308506058049,2.54295693431622,58.5462176785769
"TRCY","PJ","Sun",7,10.796340754197,1.87000506053129,65.786269571061
"TRCY","PJ","Sun",7.11764705882353,10.6697650918736,1.79847255951622,66.6765557909619
"TRCY","PJ","Sun",8,9.77097510119563,1.36078488727816,74.1301949914373
"TRCY","PJ","Sun",9,8.8481137303908,0.996359997043415,85.5665622085733
"TRCY","PJ","Sun",10,8.03767394454261,0.728046369398752,99.1579524421908
"TRCY","PJ","Sun",17,3.98652419667718,0.0745777519538049,265.721796149603
"TRCY","CS","Shade",0,2.67320378234739,1.1964912895192,7.41892851317236
"TRCY","CS","Shade",1,2.99159093954273,0.755760752826573,11.1468610857528
"TRCY","CS","Shade",2,3.35657998481806,0.292604229386085,25.8986304427806
"TRCY","CS","Shade",2.5,3.55838740923042,0.170985308609104,41.1811923587946
"TRCY","CS","Shade",3,3.75314809917521,0.102976702706662,66.5194880191159
"TRCY","CS","Shade",4,4.14974113788105,0.0341523607495821,181.442011998024
"TRCY","CS","Shade",4.5,4.36383248109236,0.0205436302661487,310.943848626519
"TRCY","CS","Shade",5,4.58741365836158,0.012201232491713,523.775741456205
"TRCY","CS","Shade",6,5.02774819539161,0.0042309385866936,1470.33322481311
"TRCY","CS","Shade",7,5.59633677432817,0.00145830257026996,4198.25997377497
"TRCY","CS","Shade",7.11764705882353,5.63361229720354,0.00127408246170117,4787.37227058094
"TRCY","CS","Shade",8,6.10633889547331,0.00049539599912168,11903.2061529629
"TRCY","CS","Shade",9,6.80445666639153,0.000166354986191942,33220.6885969955
"TRCY","CS","Shade",10,7.48988013432692,5.77786626512023e-05,92265.1128762536
"TRCY","CS","Shade",17,14.9684056413808,3.16765713062608e-08,158431906.346002
"TRCY","CS","Sun",0,5.49866807736912,2.52123900056725,15.1568362484514
"TRCY","CS","Sun",1,5.11920419565803,1.29533136774251,18.8767523494303
"TRCY","CS","Sun",2,4.70072335634296,0.403971260865656,35.9108007081562
"TRCY","CS","Sun",2.5,4.51663491911909,0.216311711699399,51.2309441573462
"TRCY","CS","Sun",3,4.34384276577915,0.117667758056529,76.3816624319887
"TRCY","CS","Sun",4,4.00395579788171,0.0331314915090605,174.695592283891
"TRCY","CS","Sun",4.5,3.82500216073422,0.0178582375298036,265.05864479102
"TRCY","CS","Sun",5,3.68327817946209,0.00943313178978923,405.701265128639
"TRCY","CS","Sun",6,3.4210101720851,0.00273844996519198,960.176987248572
"TRCY","CS","Sun",7,3.14953428060835,0.00077574572887651,2219.42707746368
"TRCY","CS","Sun",7.11764705882353,3.10968855057859,0.000666862005981644,2457.80591271302
"TRCY","CS","Sun",8,2.8833353339743,0.000216940322055604,5158.49825971872
"TRCY","CS","Sun",9,2.64908068547936,6.28286568771596e-05,11992.3613077896
"TRCY","CS","Sun",10,2.4181354473081,1.78639771173209e-05,28520.9235693815
"TRCY","CS","Sun",17,1.31488141787848,2.60916944110071e-09,11918386.4837627
"TROR","BEN","Shade",0,2.89497711261584,1.47158921464861,5.10795375710181
"TROR","BEN","Shade",1,3.27980761716316,1.6322767522872,6.01254293075075
"TROR","BEN","Shade",2,3.75049926757114,1.68443123792265,7.70145442741853
"TROR","BEN","Shade",2.5,3.9874983529816,1.66156993560481,9.00825925462717
"TROR","BEN","Shade",3,4.25621160491852,1.61809910407159,10.5426910609669
"TROR","BEN","Shade",4,4.83059425680197,1.5231218899285,14.5885168316868
"TROR","BEN","Shade",4.5,5.14678416584891,1.46019156045698,17.3359224247889
"TROR","BEN","Shade",5,5.49955055823131,1.40329714559049,20.4947911991684
"TROR","BEN","Shade",6,6.2915624799537,1.29533988967555,29.4117273341313
"TROR","BEN","Shade",7,7.13212881095626,1.17817928718721,42.4161871348099
"TROR","BEN","Shade",7.11764705882353,7.24393449196934,1.16073353806506,43.9746457235896
"TROR","BEN","Shade",8,8.16304918209921,1.06039566212635,61.2912274775295
"TROR","BEN","Shade",9,9.30850906566718,0.953012248628301,87.9846595067204
"TROR","BEN","Shade",10,10.5310117245826,0.856276005309783,125.868792247364
"TROR","BEN","Shade",17,26.2332626682308,0.376241457182704,1677.59367113512
"TROR","BEN","Sun",0,4.71107757961731,2.37122921949755,8.35227615047358
"TROR","BEN","Sun",1,4.66982903962178,2.36586104324902,8.18593527660697
"TROR","BEN","Sun",2,4.6243880237735,2.34030196486676,8.2516943646384
"TROR","BEN","Sun",2.5,4.61194455786942,2.29929269123504,8.3095865659687
"TROR","BEN","Sun",3,4.57962572260696,2.24277358846427,8.44164888271055
"TROR","BEN","Sun",4,4.54354965979823,2.14558237163346,8.78325727880722
"TROR","BEN","Sun",4.5,4.53324201942386,2.09493464029109,8.94200734863554
"TROR","BEN","Sun",5,4.51833028649121,2.03670905389918,9.12388667378309
"TROR","BEN","Sun",6,4.48450428403176,1.91161344065988,9.65083011728624
"TROR","BEN","Sun",7,4.44636952157614,1.77605192012304,10.3440453703211
"TROR","BEN","Sun",7.11764705882353,4.44016174855641,1.76454132718002,10.4257676536795
"TROR","BEN","Sun",8,4.40579795494071,1.64666967242683,11.0767924402654
"TROR","BEN","Sun",9,4.3705258056478,1.51408820639944,11.7436596085792
"TROR","BEN","Sun",10,4.35628509052697,1.37983196829235,12.5996497340233
"TROR","BEN","Sun",17,4.13275129797549,0.694127042713437,22.2599317234025
"TROR","GH","Shade",0,6.54718973392358,3.1401365998726,14.4581906183935
"TROR","GH","Shade",1,8.35760922007343,3.88823285558066,18.9061136235681
"TROR","GH","Shade",2,10.7224784558402,4.4425890166975,26.6582444552016
"TROR","GH","Shade",2.5,12.1368261203495,4.67868062905684,32.6760188275402
"TROR","GH","Shade",3,13.6919837273896,4.85081134026847,40.3438014257628
"TROR","GH","Shade",4,17.6449356512992,5.02313990197594,63.4064276191078
"TROR","GH","Shade",4.5,19.9536552471875,5.05561007928695,80.7522606123766
"TROR","GH","Shade",5,22.5201176411175,5.07230299161251,103.309923476284
"TROR","GH","Shade",6,28.764723224631,4.98470946623695,170.179300513848
"TROR","GH","Shade",7,36.7257406178429,4.90028745032906,281.007461600177
"TROR","GH","Shade",7.11764705882353,37.7684822001473,4.88528529203606,298.117274392982
"TROR","GH","Shade",8,47.0807233794087,4.79125097817752,463.18749581506
"TROR","GH","Shade",9,60.1222078492149,4.72546127244153,763.326308023399
"TROR","GH","Shade",10,76.2408482568022,4.65601063351937,1264.54675606177
"TROR","GH","Shade",17,426.40310265506,4.02352468483206,45119.0418128074
"TROR","GH","Sun",0,10.6259783295914,5.21483683332723,23.4078129513797
"TROR","GH","Sun",1,11.8247919302299,5.85141835046738,26.1061958440937
"TROR","GH","Sun",2,13.2029337360757,6.32638824908446,29.4891733028943
"TROR","GH","Sun",2.5,13.9801443863224,6.54727481072053,31.8967004766762
"TROR","GH","Sun",3,14.7827026743475,6.71708923667899,34.6339245061618
"TROR","GH","Sun",4,16.5829524635166,6.9649989016595,40.8595627389561
"TROR","GH","Sun",4.5,17.4479115817326,6.96987379408317,45.2699114192878
"TROR","GH","Sun",5,18.4158425057897,7.02493739999296,50.1499747095742
"TROR","GH","Sun",6,20.5263230965272,7.08152793390935,61.2479000937698
"TROR","GH","Sun",7,22.8398189383107,7.06941238744671,75.4315963148513
"TROR","GH","Sun",7.11764705882353,23.1272130553071,7.05287542062764,77.467902673322
"TROR","GH","Sun",8,25.3995709657649,7.00238067220047,94.6846591581264
"TROR","GH","Sun",9,28.4442468601872,6.89035407753442,119.178215975735
"TROR","GH","Sun",10,31.754623656541,6.7027197439861,150.268986875779
"TROR","GH","Sun",17,68.2976516680322,5.6287625416128,809.836814256078
"TROR","NAM","Shade",0,6.04194730670637,2.88089490086733,13.8208389585259
"TROR","NAM","Shade",1,6.80664251322253,3.12921684340541,15.739051943962
"TROR","NAM","Shade",2,7.67005588699574,3.11915797872361,19.3085820818695
"TROR","NAM","Shade",2.5,8.1768241459119,3.0510226701001,21.7417722372064
"TROR","NAM","Shade",3,8.66679706266666,2.98807554395187,24.8157010343236
"TROR","NAM","Shade",4,9.74634501933393,2.72774550992828,33.5756306222652
"TROR","NAM","Shade",4.5,10.3446009517359,2.59170432091351,39.2547920147088
"TROR","NAM","Shade",5,11.0068452986547,2.46909450577466,46.581809824901
"TROR","NAM","Shade",6,12.3566613092193,2.19894945241394,65.8123473665203
"TROR","NAM","Shade",7,13.9096043115305,1.92298157913153,92.9368145292992
"TROR","NAM","Shade",7.11764705882353,14.1100926592755,1.89694774354335,96.9497483237577
"TROR","NAM","Shade",8,15.7332420340048,1.68906754387633,132.82201254282
"TROR","NAM","Shade",9,17.6824689975751,1.47167110763475,190.420423848992
"TROR","NAM","Shade",10,19.9209731334569,1.25763215780847,274.428342961741
"TROR","NAM","Shade",17,45.9601896048917,0.440331299744991,3792.9609644569
"TROR","NAM","Sun",0,9.820614459978,4.66545277981733,22.082178014519
"TROR","NAM","Sun",1,9.59592019754582,4.55424583012975,21.8110412762275
"TROR","NAM","Sun",2,9.40722087087208,4.31470355012317,21.6276927630045
"TROR","NAM","Sun",2.5,9.38123151938836,4.18914251375173,21.7606690949935
"TROR","NAM","Sun",3,9.28208433083014,3.99690467250142,22.0078722861539
"TROR","NAM","Sun",4,9.11093878404613,3.65872291741925,22.5168534886475
"TROR","NAM","Sun",4.5,9.04479323985439,3.46070736768128,22.873369811362
"TROR","NAM","Sun",5,8.96031449528904,3.29551774665379,23.3300999669451
"TROR","NAM","Sun",6,8.77713270236309,2.96590924881621,24.2522073386797
"TROR","NAM","Sun",7,8.61805231455763,2.62718757397631,25.2896728342686
"TROR","NAM","Sun",7.11764705882353,8.60035929788356,2.58543407412162,25.5439737036197
"TROR","NAM","Sun",8,8.46521786099251,2.29558836834306,26.7860196688585
"TROR","NAM","Sun",9,8.31953500147997,1.97504177935225,28.2984449544016
"TROR","NAM","Sun",10,8.15490579363168,1.69446661886137,30.2653012976185
"TROR","NAM","Sun",17,7.18612920574495,0.583356898206827,53.6558993809848
"TROR","PJ","Shade",0,7.75716686986368,3.53534822031235,16.8704351861521
"TROR","PJ","Shade",1,7.5434144138849,3.21687427806918,17.0985672218964
"TROR","PJ","Shade",2,7.4110722232681,2.42839988465399,19.39907119742
"TROR","PJ","Shade",2.5,7.32258774574543,2.01383407017973,21.4102783594145
"TROR","PJ","Shade",3,7.26291735866416,1.69431430335695,23.7485196218622
"TROR","PJ","Shade",4,7.12817096582623,1.153973635008,30.7902669027184
"TROR","PJ","Shade",4.5,7.10367902534603,0.95125323492127,35.1284883401157
"TROR","PJ","Shade",5,7.03304377976086,0.778717333734026,40.0079518921722
"TROR","PJ","Shade",6,6.94907147979954,0.513074376917036,51.9686779276866
"TROR","PJ","Shade",7,6.81762188093288,0.338214387233413,69.0177959802455
"TROR","PJ","Shade",7.11764705882353,6.79522991743345,0.322737505128688,71.3978026683364
"TROR","PJ","Shade",8,6.68715979547999,0.223356970494002,91.4781459759666
"TROR","PJ","Shade",9,6.56594201918975,0.143947700621217,121.164910132468
"TROR","PJ","Shade",10,6.44494264278819,0.0919620119332592,160.736650351795
"TROR","PJ","Shade",17,5.70094530228202,0.00430789169421365,1245.6194857076
"TROR","PJ","Sun",0,12.6050696844669,5.66472411853736,26.9363552870349
"TROR","PJ","Sun",1,10.6410004062789,4.5183954008332,24.7515005142096
"TROR","PJ","Sun",2,9.06752668033154,2.87585134235273,26.4996531266728
"TROR","PJ","Sun",2.5,8.37400761513563,2.22742569390038,28.2491422747717
"TROR","PJ","Sun",3,7.7366359316985,1.64392105768889,30.5231020264175
"TROR","PJ","Sun",4,6.57349002567339,0.92906268420211,36.9506295161395
"TROR","PJ","Sun",4.5,6.09305990042276,0.690478200564764,40.8118582312018
"TROR","PJ","Sun",5,5.62180630207679,0.513504227297569,45.2864818564122
"TROR","PJ","Sun",6,4.80140810325575,0.280883911612633,55.994574057714
"TROR","PJ","Sun",7,4.13192951577652,0.15274307917284,69.1815360888566
"TROR","PJ","Sun",7.11764705882353,4.04583142014726,0.142673626930352,70.872641178375
"TROR","PJ","Sun",8,3.51852610167755,0.0825678056097549,85.2285763346485
"TROR","PJ","Sun",9,3.00451787976333,0.044303279637635,107.48483310046
"TROR","PJ","Sun",10,2.57849205193852,0.0238410144935362,133.839025111423
"TROR","PJ","Sun",17,0.850174049990867,0.000311945317920534,640.686254254913
"TROR","CS","Shade",0,2.06150678887586,0.885882307254808,5.76272672114364
"TROR","CS","Shade",1,3.80629829265432,0.938859428027817,14.0108339228654
"TROR","CS","Shade",2,7.08092000517745,0.596872343289127,55.0973089545385
"TROR","CS","Shade",2.5,9.65695453741422,0.465747355709166,115.671675592776
"TROR","CS","Shade",3,13.0457929281165,0.356277464737834,243.324172892673
"TROR","CS","Shade",4,23.8809526460255,0.206914839471942,1159.71408092959
"TROR","CS","Shade",4.5,32.432739579573,0.156151643070748,2539.83853234574
"TROR","CS","Shade",5,44.0671265551334,0.117931746540064,5482.35846951733
"TROR","CS","Shade",6,80.5181967230796,0.0658098668416927,25663.2695614087
"TROR","CS","Shade",7,145.385791144796,0.0366275041812528,128370.793745685
"TROR","CS","Shade",7.11764705882353,155.604184482265,0.0341689530729531,151726.158534103
"TROR","CS","Shade",8,263.773635283645,0.0198805882048967,589032.551013308
"TROR","CS","Shade",9,482.765200745125,0.0112636752562356,2834988.68032646
"TROR","CS","Shade",10,878.811584432514,0.00625498456057763,13852099.2051771
"TROR","CS","Shade",17,59239.0700663975,0.000116175267529728,927884048853.228
"TROR","CS","Sun",0,3.35075988530348,1.4468954519499,9.30779006145742
"TROR","CS","Sun",1,5.3826079007232,1.38170141990326,19.3427797606248
"TROR","CS","Sun",2,8.76320029365941,0.804328629149406,64.5160854398348
"TROR","CS","Sun",2.5,11.0258163896615,0.585574720917834,124.869102790613
"TROR","CS","Sun",3,13.9798904945631,0.426446740983814,249.998340082633
"TROR","CS","Sun",4,22.3264677102108,0.225617596213307,1007.40965544311
"TROR","CS","Sun",4.5,27.9483192317927,0.16246797704108,1974.35926107246
"TROR","CS","Sun",5,35.5780039584409,0.116309448125389,4000.68276398448
"TROR","CS","Sun",6,56.675976355472,0.0584521054790514,16747.2953526085
"TROR","CS","Sun",7,89.3434033608551,0.0286251297355295,66992.6143916695
"TROR","CS","Sun",7.11764705882353,94.7279353904839,0.0265731765827036,78459.0175684976
"TROR","CS","Sun",8,142.297522879953,0.0152023603332207,282044.419813119
"TROR","CS","Sun",9,228.042346853533,0.00777193214092747,1203328.76334421
"TROR","CS","Sun",10,366.563339953348,0.0037030474761004,5074513.71040754
"TROR","CS","Sun",17,9396.51155809336,2.9067343396082e-05,120408354553.32
