"focsp","Site","Cov","fac_sc","intra_sc","inter_sc","BLK","Estimate","Est.Error","Q2.5","Q97.5"
"TRCY","GH","SH",0,0,0,"1",4.15922100718537,2.25874067021246,0.769405979655712,8.92783913813774
"TRCY","GH","SH",0.169491525423729,0,0,"1",4.25915569160025,2.31348085295363,0.783749598600682,9.15250746775592
"TRCY","GH","SH",0.338983050847458,0,0,"1",4.36198988517559,2.37098447403624,0.807874016516828,9.43269654261384
"TRCY","GH","SH",0.508474576271186,0,0,"1",4.46781868797931,2.43139604291903,0.819118787068363,9.6793395672502
"TRCY","GH","SH",0.677966101694915,0,0,"1",4.57674063975134,2.49486668665619,0.839187648536249,9.92319616982234
"TRCY","GH","SH",0.847457627118644,0,0,"1",4.68885785488848,2.56155442958076,0.862075718250084,10.2188569075867
"TRCY","GH","SH",1.01694915254237,0,0,"1",4.80427616311557,2.6316244923513,0.882308538490588,10.4925579568808
"TRCY","GH","SH",1.1864406779661,0,0,"1",4.92310525609799,2.70524961216837,0.900585970740519,10.8086837632043
"TRCY","GH","SH",1.35593220338983,0,0,"1",5.04545884026258,2.78261038600847,0.920782994890693,11.1817296036781
"TRCY","GH","SH",1.52542372881356,0,0,"1",5.17145479610695,2.86389563875523,0.943007043271946,11.4897144256007
"TRCY","GH","SH",1.69491525423729,0,0,"1",5.30121534429047,2.94930281813249,0.965000573996252,11.8013644450296
"TRCY","GH","SH",1.86440677966102,0,0,"1",5.43486721881406,3.03903841836458,0.985460512864928,12.1633962995453
"TRCY","GH","SH",2.03389830508475,0,0,"1",5.57254184761085,3.13331843450694,1.00943648855654,12.6637456403867
"TRCY","GH","SH",2.20338983050847,0,0,"1",5.71437554088518,3.23236884940891,1.03116307814959,13.0218405394579
"TRCY","GH","SH",2.3728813559322,0,0,"1",5.8605096875536,3.3364261552926,1.04871633987818,13.4986909505364
"TRCY","GH","SH",2.54237288135593,0,0,"1",6.01109096015859,3.4457379119595,1.07194366264321,13.9379622532635
"TRCY","GH","SH",2.71186440677966,0,0,"1",6.16627152864384,3.56056334367389,1.09610071360387,14.3536417502984
"TRCY","GH","SH",2.88135593220339,0,0,"1",6.32620928339859,3.68117397682009,1.11796232190122,14.8450011261385
"TRCY","GH","SH",3.05084745762712,0,0,"1",6.49106806799833,3.80785432049272,1.14109954345636,15.3667722795204
"TRCY","GH","SH",3.22033898305085,0,0,"1",6.6610179220902,3.94090259225713,1.16848931945766,15.9279756471223
"TRCY","GH","SH",3.38983050847458,0,0,"1",6.83623533489315,4.08063149141189,1.19448118167932,16.4872822083594
"TRCY","GH","SH",3.5593220338983,0,0,"1",7.01690350980588,4.22736902219959,1.22063886065115,17.0868826113668
"TRCY","GH","SH",3.72881355932203,0,0,"1",7.20321264064006,4.38145936954581,1.25676885516442,17.6911858137823
"TRCY","GH","SH",3.89830508474576,0,0,"1",7.3953602000214,4.54326383006078,1.28059807408647,18.3196622894569
"TRCY","GH","SH",4.06779661016949,0,0,"1",7.59355124052829,4.71316180121424,1.2925139255531,18.9981603697598
"TRCY","GH","SH",4.23728813559322,0,0,"1",7.79799870916564,4.8915518317917,1.31513847829059,19.7337553537337
"TRCY","GH","SH",4.40677966101695,0,0,"1",8.00892377580117,5.0788527369602,1.33735669787469,20.4781685516025
"TRCY","GH","SH",4.57627118644068,0,0,"1",8.22655617622275,5.27550478151381,1.36321984265836,21.256169474595
"TRCY","GH","SH",4.74576271186441,0,0,"1",8.45113457050795,5.48197093513379,1.39877003899275,22.0545045115726
"TRCY","GH","SH",4.91525423728813,0,0,"1",8.68290691743159,5.69873820378613,1.41634513886768,22.8688900319697
"TRCY","GH","SH",5.08474576271186,0,0,"1",8.92213086567342,5.92631904168953,1.44017289052214,23.7654296145198
"TRCY","GH","SH",5.25423728813559,0,0,"1",9.16907416262609,6.1652528486214,1.46969420054644,24.7145845305838
"TRCY","GH","SH",5.42372881355932,0,0,"1",9.42401508164405,6.41610755768784,1.48960163610393,25.6275714196043
"TRCY","GH","SH",5.59322033898305,0,0,"1",9.68724286861617,6.67948131906669,1.51745636440916,26.641226050869
"TRCY","GH","SH",5.76271186440678,0,0,"1",9.9590582087895,6.9560042856421,1.5430763662605,27.6311576149331
"TRCY","GH","SH",5.93220338983051,0,0,"1",10.2397737148187,7.24634050688509,1.56529589424985,28.6058476205347
"TRCY","GH","SH",6.10169491525424,0,0,"1",10.529714437065,7.55118993779896,1.58875791206872,29.7748927200708
"TRCY","GH","SH",6.27118644067797,0,0,"1",10.82921839722,7.87129057024295,1.61258225285655,31.0739604219248
"TRCY","GH","SH",6.44067796610169,0,0,"1",11.1386371463866,8.20742069447356,1.6284055825987,32.3291805635918
"TRCY","GH","SH",6.61016949152542,0,0,"1",11.4583363488038,8.56040129930304,1.6520804782216,33.6399778182747
"TRCY","GH","SH",6.77966101694915,0,0,"1",11.7886963924661,8.9310986198703,1.67697264284148,35.1274850269505
"TRCY","GH","SH",6.94915254237288,0,0,"1",12.130113027951,9.32042684265458,1.70927900411707,36.4436989098518
"TRCY","GH","SH",7.11864406779661,0,0,"1",12.4829980368349,9.72935097803778,1.72398762970596,37.8048634733113
"TRCY","GH","SH",7.28813559322034,0,0,"1",12.8477799311514,10.1588899114423,1.74815119442298,39.2359552188829
"TRCY","GH","SH",7.45762711864407,0,0,"1",13.2249046854186,10.610119644839,1.7746247515304,40.8279257989983
"TRCY","GH","SH",7.6271186440678,0,0,"1",13.6148365028421,11.0841767412401,1.8001654028726,42.5095814777005
"TRCY","GH","SH",7.79661016949153,0,0,"1",14.0180586173851,11.5822619856648,1.82530560653906,44.5053136058089
"TRCY","GH","SH",7.96610169491525,0,0,"1",14.4350741334825,12.1056442770016,1.84747745313944,46.2695057056602
"TRCY","GH","SH",8.13559322033898,0,0,"1",14.8664069052715,12.6556647661855,1.87730761476153,48.0383691009053
"TRCY","GH","SH",8.30508474576271,0,0,"1",15.3126024573068,13.2337412571765,1.90392879521316,50.0307500709275
"TRCY","GH","SH",8.47457627118644,0,0,"1",15.7742289488333,13.8413728883635,1.93073757701109,52.0272865824723
"TRCY","GH","SH",8.64406779661017,0,0,"1",16.2518781837975,14.4801451132342,1.95670471713426,54.2600173373356
"TRCY","GH","SH",8.8135593220339,0,0,"1",16.7461666688934,15.1517350004562,1.98390457448334,56.4552519487036
"TRCY","GH","SH",8.98305084745763,0,0,"1",17.2577367220618,15.8579168749047,2.01170605133452,59.0400079508022
"TRCY","GH","SH",9.15254237288136,0,0,"1",17.787257633986,16.6005683226625,2.03305103874427,61.6338889577297
"TRCY","GH","SH",9.32203389830508,0,0,"1",18.3354268852672,17.3816765846137,2.05592115164508,64.1627056475043
"TRCY","GH","SH",9.49152542372881,0,0,"1",18.9029714221012,18.2033453649562,2.08040675784073,66.6543267510305
"TRCY","GH","SH",9.66101694915254,0,0,"1",19.4906489934301,19.0678020827849,2.10098306397003,69.4869886597628
"TRCY","GH","SH",9.83050847457627,0,0,"1",20.0992495527018,19.9774055968505,2.12513657584911,72.479753408418
"TRCY","GH","SH",10,0,0,"1",20.7295967275377,20.9346544356929,2.15244478432614,75.5162901628106
"TRCY","GH","SUN",0,0,0,"1",8.8657039976085,4.82215795254849,1.65026974733357,19.0195185115891
"TRCY","GH","SUN",0.169491525423729,0,0,"1",9.07773745225853,4.93612574908333,1.69384042008948,19.4658562589106
"TRCY","GH","SUN",0.338983050847458,0,0,"1",9.29590086406242,5.05582297665843,1.72622590313796,20.0109252291461
"TRCY","GH","SUN",0.508474576271186,0,0,"1",9.52039466580895,5.18155142084,1.77515154744624,20.4695268820738
"TRCY","GH","SUN",0.677966101694915,0,0,"1",9.75142652064331,5.31362681540821,1.80741764370328,20.9297287260637
"TRCY","GH","SUN",0.847457627118644,0,0,"1",9.98921160522166,5.45237942534704,1.85785641130877,21.5070795624355
"TRCY","GH","SUN",1.01694915254237,0,0,"1",10.2339729047769,5.59815466913882,1.90731989038287,22.0720523824306
"TRCY","GH","SUN",1.1864406779661,0,0,"1",10.4859415206299,5.75131378425264,1.94560603289635,22.6479927920595
"TRCY","GH","SUN",1.35593220338983,0,0,"1",10.7453569907053,5.91223453983749,1.9877966089089,23.3605812871579
"TRCY","GH","SUN",1.52542372881356,0,0,"1",11.0124676236382,6.08131200073201,2.02090330590238,24.1619860713644
"TRCY","GH","SUN",1.69491525423729,0,0,"1",11.2875308470854,6.25895934698584,2.06152946607476,24.976654165611
"TRCY","GH","SUN",1.86440677966102,0,0,"1",11.570813570885,6.44560875315689,2.11462157962832,25.8306909630641
"TRCY","GH","SUN",2.03389830508475,0,0,"1",11.8625925657374,6.64171233170878,2.15821025310479,26.6397788379726
"TRCY","GH","SUN",2.20338983050847,0,0,"1",12.163154858116,6.84774314488945,2.20306787396288,27.3944072375879
"TRCY","GH","SUN",2.3728813559322,0,0,"1",12.4727981421468,7.0641962895304,2.24550410842171,28.2767061657187
"TRCY","GH","SUN",2.54237288135593,0,0,"1",12.7918312092336,7.29159005927337,2.29575097460547,29.2394691561304
"TRCY","GH","SUN",2.71186440677966,0,0,"1",13.1205743962438,7.53046718881254,2.36395812315981,30.330391266113
"TRCY","GH","SUN",2.88135593220339,0,0,"1",13.4593600531068,7.78139618484244,2.41965985175086,31.1937263497349
"TRCY","GH","SUN",3.05084745762712,0,0,"1",13.808533030721,8.04497274852945,2.45106243749344,32.2490808684921
"TRCY","GH","SUN",3.22033898305085,0,0,"1",14.1684511901079,8.32182129448357,2.49351792438366,33.4028379093518
"TRCY","GH","SUN",3.38983050847458,0,0,"1",14.5394859337981,8.61259657140159,2.53667935876369,34.6814076243414
"TRCY","GH","SUN",3.5593220338983,0,0,"1",14.9220227604815,8.91798538978613,2.60113604984828,35.894694634249
"TRCY","GH","SUN",3.72881355932203,0,0,"1",15.3164618440059,9.23870846242132,2.65137471522484,37.2256971547942
"TRCY","GH","SUN",3.89830508474576,0,0,"1",15.7232186378607,9.57552236360691,2.70653037736706,38.5884047677105
"TRCY","GH","SUN",4.06779661016949,0,0,"1",16.1427245063388,9.92922161352153,2.77533916220472,40.0213950131079
"TRCY","GH","SUN",4.23728813559322,0,0,"1",16.5754273836291,10.3006408945024,2.83242811412105,41.4078293431393
"TRCY","GH","SUN",4.40677966101695,0,0,"1",17.0217924621542,10.6906574064965,2.88604385461546,42.9840331887652
"TRCY","GH","SUN",4.57627118644068,0,0,"1",17.4823029115315,11.1001933694568,2.93590641059881,44.436230261304
"TRCY","GH","SUN",4.74576271186441,0,0,"1",17.9574606296085,11.5302186810265,2.98396776451105,46.1226793389793
"TRCY","GH","SUN",4.91525423728813,0,0,"1",18.4477870270913,11.9817537384776,3.03223452203761,47.8605288110676
"TRCY","GH","SUN",5.08474576271186,0,0,"1",18.9538238473645,12.4558724345468,3.08693010538998,49.8508580276871
"TRCY","GH","SUN",5.25423728813559,0,0,"1",19.4761340231787,12.9537053375424,3.12757407524496,51.776738469715
"TRCY","GH","SUN",5.42372881355932,0,0,"1",20.0153025719686,13.4764430668835,3.15307780575907,53.7234980510882
"TRCY","GH","SUN",5.59322033898305,0,0,"1",20.5719375316519,14.0253398760764,3.18733253507779,55.6597091311024
"TRCY","GH","SUN",5.76271186440678,0,0,"1",21.1466709388528,14.6017174560397,3.23417802027067,57.7927851258685
"TRCY","GH","SUN",5.93220338983051,0,0,"1",21.7401598515937,15.2069689726548,3.30652727406838,60.0566965803199
"TRCY","GH","SUN",6.10169491525424,0,0,"1",22.3530874186013,15.8425633534499,3.33014828824442,62.5258492357134
"TRCY","GH","SUN",6.27118644067797,0,0,"1",22.9861639974842,16.5100498394288,3.38039516054739,65.084630350724
"TRCY","GH","SUN",6.44067796610169,0,0,"1",23.6401283241524,17.2110628192261,3.43009186240035,67.6023373937333
"TRCY","GH","SUN",6.61016949152542,0,0,"1",24.315748735972,17.947326964022,3.48940276353258,70.318606004472
"TRCY","GH","SUN",6.77966101694915,0,0,"1",25.0138244512767,18.7206626829837,3.57130931545825,73.2040468134513
"TRCY","GH","SUN",6.94915254237288,0,0,"1",25.7351869079906,19.5329919204184,3.60618207450812,75.8840964637059
"TRCY","GH","SUN",7.11864406779661,0,0,"1",26.480701164261,20.3863443173389,3.63576998775115,78.9906293519571
"TRCY","GH","SUN",7.28813559322034,0,0,"1",27.2512673641488,21.2828637617588,3.67399810982726,81.7963425897518
"TRCY","GH","SUN",7.45762711864407,0,0,"1",28.0478222715824,22.2248153537565,3.73193328981778,85.1263993442644
"TRCY","GH","SUN",7.6271186440678,0,0,"1",28.8713408759473,23.2145928131873,3.76912944862349,88.6279829285737
"TRCY","GH","SUN",7.79661016949153,0,0,"1",29.7228380728586,24.2547263598879,3.82069111583926,92.530365316397
"TRCY","GH","SUN",7.96610169491525,0,0,"1",30.6033704238516,25.3478910983174,3.86686488573951,96.405188470396
"TRCY","GH","SUN",8.13559322033898,0,0,"1",31.5140379989164,26.4969159408194,3.92949788227054,100.489341507354
"TRCY","GH","SUN",8.30508474576271,0,0,"1",32.4559863060135,27.7047931060893,3.97303391480697,104.367957468933
"TRCY","GH","SUN",8.47457627118644,0,0,"1",33.4304083119215,28.9746882319956,4.02057179815293,108.379739887882
"TRCY","GH","SUN",8.64406779661017,0,0,"1",34.4385465589979,30.3099511446435,4.07949328024819,112.819050140146
"TRCY","GH","SUN",8.8135593220339,0,0,"1",35.4816953826779,31.7141273285074,4.15486111684412,117.563029525082
"TRCY","GH","SUN",8.98305084745763,0,0,"1",36.5612032347893,33.1909701455958,4.19636033918385,122.236675995731
"TRCY","GH","SUN",9.15254237288136,0,0,"1",37.6784751180322,34.7444538549737,4.25995571985615,127.053102162306
"TRCY","GH","SUN",9.32203389830508,0,0,"1",38.8349751372581,36.378787487566,4.30707398695851,132.280191751359
"TRCY","GH","SUN",9.49152542372881,0,0,"1",40.0322291734802,38.0984296350157,4.35461552663692,138.019725400745
"TRCY","GH","SUN",9.66101694915254,0,0,"1",41.2718276868684,39.9081042154946,4.41855292202682,144.335514164254
"TRCY","GH","SUN",9.83050847457627,0,0,"1",42.5554286553134,41.8128172837824,4.47939838207002,150.285877129997
"TRCY","GH","SUN",10,0,0,"1",43.8847606555005,43.8178749576536,4.53105664634114,156.816074744823
"TRCY","PJ","SH",0,0,0,"1",8.36475721662748,4.54804245039228,1.55152213780404,17.8902006027031
"TRCY","PJ","SH",0.169491525423729,0,0,"1",8.56665800941457,4.66043321250669,1.59003212159695,18.3405999659976
"TRCY","PJ","SH",0.338983050847458,0,0,"1",8.77443610153715,4.77848898368722,1.63772777962972,18.8039016020462
"TRCY","PJ","SH",0.508474576271186,0,0,"1",8.98828479461856,4.90250405990783,1.67138935451896,19.2709427778822
"TRCY","PJ","SH",0.677966101694915,0,0,"1",9.20840439738719,5.03278614249334,1.71196176021071,19.8028078065193
"TRCY","PJ","SH",0.847457627118644,0,0,"1",9.4350025011412,5.16965691387716,1.75026676476255,20.3486973007538
"TRCY","PJ","SH",1.01694915254237,0,0,"1",9.66829426683245,5.31345265378301,1.7769421848644,20.903447590074
"TRCY","PJ","SH",1.1864406779661,0,0,"1",9.90850272429092,5.46452489940751,1.81625849690398,21.5155571242436
"TRCY","PJ","SH",1.35593220338983,0,0,"1",10.1558590841365,5.62324115324635,1.86182016767959,22.1790003908896
"TRCY","PJ","SH",1.52542372881356,0,0,"1",10.4106030629502,5.78998564225759,1.9087662436051,22.8889817368722
"TRCY","PJ","SH",1.69491525423729,0,0,"1",10.6729832223051,5.96516013209686,1.9461428139864,23.6294012705382
"TRCY","PJ","SH",1.86440677966102,0,0,"1",10.943257322285,6.14918480019369,1.97930167326239,24.3684483147129
"TRCY","PJ","SH",2.03389830508475,0,0,"1",11.2216926901496,6.34249917147365,2.02264221697112,25.1849377165759
"TRCY","PJ","SH",2.20338983050847,0,0,"1",11.5085666048365,6.54556312057013,2.05611719970327,26.0753646583217
"TRCY","PJ","SH",2.3728813559322,0,0,"1",11.8041666980239,6.75885794442016,2.10392147471471,26.9448584271748
"TRCY","PJ","SH",2.54237288135593,0,0,"1",12.1087913725116,6.98288750920478,2.12968703681273,27.9099448434918
"TRCY","PJ","SH",2.71186440677966,0,0,"1",12.4227502387166,7.21817947568125,2.1693913871081,28.9489862577674
"TRCY","PJ","SH",2.88135593220339,0,0,"1",12.7463645701161,7.46528660706698,2.20657288952677,29.8876678451363
"TRCY","PJ","SH",3.05084745762712,0,0,"1",13.0799677785129,7.72478816377631,2.25725817122705,31.0313279246589
"TRCY","PJ","SH",3.22033898305085,0,0,"1",13.4239059100404,7.99729138948663,2.31922247681276,32.2998905712672
"TRCY","PJ","SH",3.38983050847458,0,0,"1",13.7785381628675,8.2834330932198,2.38041792636111,33.5347782680717
"TRCY","PJ","SH",3.5593220338983,0,0,"1",14.1442374276145,8.58388133237389,2.42708449968225,34.7430789234691
"TRCY","PJ","SH",3.72881355932203,0,0,"1",14.5213908515371,8.89933720192764,2.47115374542535,35.9832134766581
"TRCY","PJ","SH",3.89830508474576,0,0,"1",14.9104004275888,9.23053673536958,2.51327322175535,37.3252946849674
"TRCY","PJ","SH",4.06779661016949,0,0,"1",15.3116836095283,9.57825292327426,2.56868465473517,38.6325644641639
"TRCY","PJ","SH",4.23728813559322,0,0,"1",15.7256739542938,9.94329785586181,2.61619035523727,40.0632557306041
"TRCY","PJ","SH",4.40677966101695,0,0,"1",16.1528217929284,10.3265249963335,2.64499421433789,41.4113744667142
"TRCY","PJ","SH",4.57627118644068,0,0,"1",16.593594931404,10.7288315922757,2.69448599962778,43.1296832621147
"TRCY","PJ","SH",4.74576271186441,0,0,"1",17.0484793827581,11.1511612329695,2.73895276838329,44.6798363430236
"TRCY","PJ","SH",4.91525423728813,0,0,"1",17.5179801320284,11.5945065610295,2.77008367041674,46.2272337669032
"TRCY","PJ","SH",5.08474576271186,0,0,"1",18.0026219355456,12.0599121474323,2.82625782560499,47.9605974670611
"TRCY","PJ","SH",5.25423728813559,0,0,"1",18.5029501562212,12.5484775396706,2.8591831894799,49.9297511338259
"TRCY","PJ","SH",5.42372881355932,0,0,"1",19.0195316365513,13.061360493501,2.90092515191013,51.8463241073345
"TRCY","PJ","SH",5.59322033898305,0,0,"1",19.5529556111422,13.5997803995259,2.94726948269409,53.8291258350415
"TRCY","PJ","SH",5.76271186440678,0,0,"1",20.1038346606572,14.1650219166813,2.99908959478279,56.1313612711042
"TRCY","PJ","SH",5.93220338983051,0,0,"1",20.6728057091773,14.7584388255822,3.03362535304869,58.0690174366395
"TRCY","PJ","SH",6.10169491525424,0,0,"1",21.2605310670735,15.3814581156162,3.08859842703463,60.5586728913695
"TRCY","PJ","SH",6.27118644067797,0,0,"1",21.8676995215902,16.0355843206748,3.14870939351786,63.1215242010566
"TRCY","PJ","SH",6.44067796610169,0,0,"1",22.4950274774564,16.7224041194759,3.20149950345727,65.7343772179173
"TRCY","PJ","SH",6.61016949152542,0,0,"1",23.1432601499568,17.4435912175575,3.26164492144637,68.2143524276801
"TRCY","PJ","SH",6.77966101694915,0,0,"1",23.8131728130194,18.2009115292326,3.30435066334884,70.7922254662808
"TRCY","PJ","SH",6.94915254237288,0,0,"1",24.50557210501,18.9962286790704,3.38473641264726,73.5402182295917
"TRCY","PJ","SH",7.11864406779661,0,0,"1",25.22129739506,19.8315098438402,3.44735345653698,76.453116014516
"TRCY","PJ","SH",7.28813559322034,0,0,"1",25.9612222129012,20.7088319573058,3.50844043159474,79.5599930009544
"TRCY","PJ","SH",7.45762711864407,0,0,"1",26.726255745334,21.6303883018118,3.55988713004655,82.755219592699
"TRCY","PJ","SH",7.6271186440678,0,0,"1",27.5173444026194,22.5984955122598,3.5980710840504,86.2892459766503
"TRCY","PJ","SH",7.79661016949153,0,0,"1",28.3354734582541,23.6156010198382,3.64197985901636,90.2086590233539
"TRCY","PJ","SH",7.96610169491525,0,0,"1",29.1816687657698,24.6842909647561,3.67129386771897,94.023710606862
"TRCY","PJ","SH",8.13559322033898,0,0,"1",30.0569985563868,25.8072986092497,3.70550979747867,97.9953842567663
"TRCY","PJ","SH",8.30508474576271,0,0,"1",30.9625753215534,26.9875132842802,3.74567268693212,101.777560016771
"TRCY","PJ","SH",8.47457627118644,0,0,"1",31.8995577846139,28.2279899056454,3.78411585377504,106.076550552474
"TRCY","PJ","SH",8.64406779661017,0,0,"1",32.8691529660707,29.5319590976884,3.83419621011124,110.302116790877
"TRCY","PJ","SH",8.8135593220339,0,0,"1",33.8726183471414,30.9028379654166,3.88380546524093,115.168542413254
"TRCY","PJ","SH",8.98305084745763,0,0,"1",34.9112641365615,32.3442415586606,3.91867907523193,120.078638241454
"TRCY","PJ","SH",9.15254237288136,0,0,"1",35.9864556458425,33.8599950749105,3.98128758195799,124.891202156202
"TRCY","PJ","SH",9.32203389830508,0,0,"1",37.0996157784763,35.454146850691,4.00337052629664,130.074030357527
"TRCY","PJ","SH",9.49152542372881,0,0,"1",38.2522276388634,37.1309821947805,4.05823502890021,135.531168106887
"TRCY","PJ","SH",9.66101694915254,0,0,"1",39.4458372670554,38.8950381202691,4.0945263626471,141.357380211185
"TRCY","PJ","SH",9.83050847457627,0,0,"1",40.6820565057251,40.7511190363961,4.11725573593582,147.269014262459
"TRCY","PJ","SH",10,0,0,"1",41.9625660061213,42.7043134653332,4.15869123734495,153.583607493381
"TRCY","PJ","SUN",0,0,0,"1",17.8447744676575,9.7432117967784,3.27945286546232,38.1304209193394
"TRCY","PJ","SUN",0.169491525423729,0,0,"1",18.2735130726623,9.97815831784585,3.36320367690437,38.9331355316542
"TRCY","PJ","SUN",0.338983050847458,0,0,"1",18.7146882219217,10.2248863201695,3.44419220478636,39.88448362398
"TRCY","PJ","SUN",0.508474576271186,0,0,"1",19.1687077055409,10.4840117393356,3.54376530285836,40.7878682288928
"TRCY","PJ","SUN",0.677966101694915,0,0,"1",19.6359940576534,10.7561788217347,3.62851191807281,41.9054350476599
"TRCY","PJ","SUN",0.847457627118644,0,0,"1",20.1169851348501,11.0420613269811,3.70360510349211,43.0115910581144
"TRCY","PJ","SUN",1.01694915254237,0,0,"1",20.612134718971,11.3423638125736,3.80230173570123,44.1790447059316
"TRCY","PJ","SUN",1.1864406779661,0,0,"1",21.1219131453541,11.6578230084987,3.89024623083053,45.4283288770327
"TRCY","PJ","SUN",1.35593220338983,0,0,"1",21.6468079576862,11.9892092896864,3.9863651915201,46.7825944866976
"TRCY","PJ","SUN",1.52542372881356,0,0,"1",22.1873245906542,12.3373282543984,4.07775121012379,48.4528490975997
"TRCY","PJ","SUN",1.69491525423729,0,0,"1",22.7439870816564,12.7030224167664,4.16057738058988,50.0273598262574
"TRCY","PJ","SUN",1.86440677966102,0,0,"1",23.3173388128876,13.0871730218264,4.23402546450133,51.7636337966112
"TRCY","PJ","SUN",2.03389830508475,0,0,"1",23.9079432851808,13.4907019914977,4.32121753561821,53.4359779321996
"TRCY","PJ","SUN",2.20338983050847,0,0,"1",24.5163849250513,13.914574010077,4.39917412337976,55.3778462627365
"TRCY","PJ","SUN",2.3728813559322,0,0,"1",25.1432699264583,14.3597987579374,4.49332790073824,57.2681110346009
"TRCY","PJ","SUN",2.54237288135593,0,0,"1",25.7892271288763,14.8274333022738,4.58057898750803,59.094018255992
"TRCY","PJ","SUN",2.71186440677966,0,0,"1",26.4549089333401,15.318584653926,4.66415929833827,61.1902064575222
"TRCY","PJ","SUN",2.88135593220339,0,0,"1",27.1409922582127,15.8344124995357,4.74553256608139,63.4018493566626
"TRCY","PJ","SUN",3.05084745762712,0,0,"1",27.8481795365083,16.376132118591,4.85072819543507,65.7696653010711
"TRCY","PJ","SUN",3.22033898305085,0,0,"1",28.577199756692,16.9450174952604,4.92800500635137,68.1615944944763
"TRCY","PJ","SUN",3.38983050847458,0,0,"1",29.3288095489729,17.542404635349,5.02228797704763,70.8389522138029
"TRCY","PJ","SUN",3.5593220338983,0,0,"1",30.1037943192048,18.1696950992161,5.12419512310586,73.421409376797
"TRCY","PJ","SUN",3.72881355932203,0,0,"1",30.9029694326138,18.8283597620848,5.21932613693202,75.9787661734151
"TRCY","PJ","SUN",3.89830508474576,0,0,"1",31.7271814496809,19.5199428138568,5.33745342884482,78.8889818989263
"TRCY","PJ","SUN",4.06779661016949,0,0,"1",32.5773094166223,20.2460660113183,5.43056900299153,81.7520028135385
"TRCY","PJ","SUN",4.23728813559322,0,0,"1",33.4542662130323,21.0084331964917,5.49500927601056,84.7034188111653
"TRCY","PJ","SUN",4.40677966101695,0,0,"1",34.3589999593791,21.8088350958546,5.62370230997303,87.8095093411639
"TRCY","PJ","SUN",4.57627118644068,0,0,"1",35.2924954871797,22.6491544162108,5.6768558882303,90.6466243114489
"TRCY","PJ","SUN",4.74576271186441,0,0,"1",36.2557758748193,23.5313712541639,5.79260779149604,94.1528656851946
"TRCY","PJ","SUN",4.91525423728813,0,0,"1",37.2499040521305,24.4575688374116,5.88573142783634,97.7402010962017
"TRCY","PJ","SUN",5.08474576271186,0,0,"1",38.2759844770012,25.4299396174474,5.9521814912095,101.385743813244
"TRCY","PJ","SUN",5.25423728813559,0,0,"1",39.3351648874482,26.4507917347378,6.04814189092123,105.161466345629
"TRCY","PJ","SUN",5.42372881355932,0,0,"1",40.4286381327625,27.5225558790245,6.13547801552675,109.09240322713
"TRCY","PJ","SUN",5.59322033898305,0,0,"1",41.5576440875163,28.6477925691073,6.24183013501964,113.21558964083
"TRCY","PJ","SUN",5.76271186440678,0,0,"1",42.7234716524147,29.829199878274,6.34441814822676,117.553077126231
"TRCY","PJ","SUN",5.93220338983051,0,0,"1",43.9274608461741,31.0696216334892,6.49524633994011,122.564152093572
"TRCY","PJ","SUN",6.10169491525424,0,0,"1",45.1710049928246,32.3720561185202,6.56317777891641,127.604898891155
"TRCY","PJ","SUN",6.27118644067797,0,0,"1",46.4555530090569,33.7396653133852,6.67790539881664,133.087800989863
"TRCY","PJ","SUN",6.44067796610169,0,0,"1",47.7826117964687,35.1757847048593,6.74051870033886,138.912097113089
"TRCY","PJ","SUN",6.61016949152542,0,0,"1",49.1537487438183,36.6839337052777,6.85946555778454,144.224160864328
"TRCY","PJ","SUN",6.77966101694915,0,0,"1",50.5705943446508,38.2678267195463,6.96489810884121,149.617544725179
"TRCY","PJ","SUN",6.94915254237288,0,0,"1",52.0348449359405,39.9313849031125,7.08258235139421,155.692622542448
"TRCY","PJ","SUN",7.11864406779661,0,0,"1",53.548265563686,41.6787486566845,7.20751842615462,161.589138776179
"TRCY","PJ","SUN",7.28813559322034,0,0,"1",55.1126929816968,43.5142909067208,7.32721087862085,167.978818086952
"TRCY","PJ","SUN",7.45762711864407,0,0,"1",56.7300387901397,45.4426312241662,7.4706453387184,174.901712283023
"TRCY","PJ","SUN",7.6271186440678,0,0,"1",58.402292720748,47.4686508375939,7.58227348148721,182.376676266906
"TRCY","PJ","SUN",7.79661016949153,0,0,"1",60.1315260759622,49.5975086008515,7.6968452230219,189.672633907071
"TRCY","PJ","SUN",7.96610169491525,0,0,"1",61.9198953296462,51.8346579795111,7.81889832173342,197.481498005862
"TRCY","PJ","SUN",8.13559322033898,0,0,"1",63.7696458974246,54.1858651249188,7.9171498182049,205.134728379621
"TRCY","PJ","SUN",8.30508474576271,0,0,"1",65.6831160851085,56.657228109442,7.9731378261687,213.093147650687
"TRCY","PJ","SUN",8.47457627118644,0,0,"1",67.6627412241239,59.2551974016499,8.04085281196025,222.20611510084
"TRCY","PJ","SUN",8.64406779661017,0,0,"1",69.7110580033232,61.986597665657,8.14430890310865,231.361486416152
"TRCY","PJ","SUN",8.8135593220339,0,0,"1",71.8307090070597,64.858650974737,8.24526304698056,240.798191652313
"TRCY","PJ","SUN",8.98305084745763,0,0,"1",74.0244474699265,67.8790015356051,8.30826929709953,251.34421121616
"TRCY","PJ","SUN",9.15254237288136,0,0,"1",76.295142259113,71.0557420264974,8.36666310860761,262.454824029204
"TRCY","PJ","SUN",9.32203389830508,0,0,"1",78.6457830959163,74.3974416593819,8.44475727896607,272.720179431862
"TRCY","PJ","SUN",9.49152542372881,0,0,"1",81.0794860285585,77.9131760843479,8.51268207119499,282.711388002681
"TRCY","PJ","SUN",9.66101694915254,0,0,"1",83.5994991691127,81.6125592624796,8.60883942635197,293.668459072801
"TRCY","PJ","SUN",9.83050847457627,0,0,"1",86.2092087080252,85.5057774423583,8.72662594527996,306.353533567464
"TRCY","PJ","SUN",10,0,0,"1",88.9121452204454,89.603625384809,8.84557150988273,320.174581097237
"TROR","GH","SH",0,0,0,"1",4.52854955200057,2.4938109790541,0.843334617296467,9.85380199270094
"TROR","GH","SH",0.169491525423729,0,0,"1",4.56613335479124,2.51368363786446,0.851298026193758,9.94114594338572
"TROR","GH","SH",0.338983050847458,0,0,"1",4.60442733137811,2.53487630354682,0.858767875867358,10.0441693503843
"TROR","GH","SH",0.508474576271186,0,0,"1",4.64344501478202,2.55742663693166,0.857592727143059,10.1582653384542
"TROR","GH","SH",0.677966101694915,0,0,"1",4.6832002713208,2.58137313605994,0.864453218605379,10.2494166697424
"TROR","GH","SH",0.847457627118644,0,0,"1",4.72370730945719,2.60675515209917,0.869526177300674,10.3288393216696
"TROR","GH","SH",1.01694915254237,0,0,"1",4.76498068891567,2.63361290889054,0.874087199983548,10.4550473840087
"TROR","GH","SH",1.1864406779661,0,0,"1",4.80703533007709,2.66198752642753,0.876232843417254,10.5679041161532
"TROR","GH","SH",1.35593220338983,0,0,"1",4.84988652366035,2.69192104854796,0.88199004617508,10.6834664914612
"TROR","GH","SH",1.52542372881356,0,0,"1",4.89354994070068,2.72345647510008,0.885006875990464,10.8053930634148
"TROR","GH","SH",1.69491525423729,0,0,"1",4.93804164283433,2.75663779882011,0.89126192242821,10.9708625574872
"TROR","GH","SH",1.86440677966102,0,0,"1",4.9833780929001,2.79151004713337,0.898486105943754,11.137313850754
"TROR","GH","SH",2.03389830508475,0,0,"1",5.02957616586816,2.82811932906588,0.903692829486149,11.3044364930512
"TROR","GH","SH",2.20338983050847,0,0,"1",5.07665316010733,2.86651288742691,0.910107569205311,11.4886555928848
"TROR","GH","SH",2.3728813559322,0,0,"1",5.12462680900224,2.90673915639809,0.916095441177204,11.63656279001
"TROR","GH","SH",2.54237288135593,0,0,"1",5.17351529293213,2.94884782464017,0.931744959109062,11.7947665549125
"TROR","GH","SH",2.71186440677966,0,0,"1",5.22333725162374,2.99288990400656,0.935261215529492,11.9955575423646
"TROR","GH","SH",2.88135593220339,0,0,"1",5.27411179689093,3.03891780393265,0.939074012192216,12.1834150708358
"TROR","GH","SH",3.05084745762712,0,0,"1",5.32585852577437,3.08698541155296,0.941845557017622,12.431613044737
"TROR","GH","SH",3.22033898305085,0,0,"1",5.37859753409495,3.13714817758448,0.944251910698544,12.6435271321367
"TROR","GH","SH",3.38983050847458,0,0,"1",5.43234943043516,3.18946320800434,0.947981138334205,12.8431887275733
"TROR","GH","SH",3.5593220338983,0,0,"1",5.48713535056336,3.24398936154354,0.950328269111505,13.0898162222466
"TROR","GH","SH",3.72881355932203,0,0,"1",5.54297697231608,3.30078735301606,0.949789918550013,13.3429405542114
"TROR","GH","SH",3.89830508474576,0,0,"1",5.59989653095444,3.35991986250418,0.948821302797135,13.6187030840221
"TROR","GH","SH",4.06779661016949,0,0,"1",5.65791683501117,3.42145165042605,0.949685838678192,13.8235633313661
"TROR","GH","SH",4.23728813559322,0,0,"1",5.71706128264535,3.48544967852094,0.954197382766917,14.0497572981445
"TROR","GH","SH",4.40677966101695,0,0,"1",5.77735387852274,3.55198323679998,0.958422935551844,14.2806571994578
"TROR","GH","SH",4.57627118644068,0,0,"1",5.83881925124019,3.62112407652656,0.963712359978871,14.5541076969122
"TROR","GH","SH",4.74576271186441,0,0,"1",5.90148267131332,3.69294654930953,0.970452360263819,14.8693514886219
"TROR","GH","SH",4.91525423728813,0,0,"1",5.96537006974743,3.76752775241434,0.975428180604076,15.2003836976733
"TROR","GH","SH",5.08474576271186,0,0,"1",6.03050805721239,3.84494768042159,0.978239881351273,15.5121556962332
"TROR","GH","SH",5.25423728813559,0,0,"1",6.09692394384293,3.92528938338917,0.984117262687816,15.8440910573038
"TROR","GH","SH",5.42372881355932,0,0,"1",6.16464575968685,4.00863913170264,0.991118424517504,16.1889755105981
"TROR","GH","SH",5.59322033898305,0,0,"1",6.23370227582424,4.09508658782847,0.998098101035293,16.5705028793566
"TROR","GH","SH",5.76271186440678,0,0,"1",6.30412302618195,4.18472498521637,1.0033084205123,16.9016474239525
"TROR","GH","SH",5.93220338983051,0,0,"1",6.37593833006823,4.27765131462948,1.00819811945934,17.2242929498889
"TROR","GH","SH",6.10169491525424,0,0,"1",6.44917931545385,4.37396651821468,1.0050520970845,17.6353569546939
"TROR","GH","SH",6.27118644067797,0,0,"1",6.52387794302661,4.47377569165959,1.00545156519793,18.022727715576
"TROR","GH","SH",6.44067796610169,0,0,"1",6.60006703104743,4.57718829481794,1.00600193415241,18.3980110249498
"TROR","GH","SH",6.61016949152542,0,0,"1",6.67778028103736,4.68431837122016,1.00609759772268,18.7665872387915
"TROR","GH","SH",6.77966101694915,0,0,"1",6.75705230432589,4.79528477692263,1.01107700787989,19.1952528418779
"TROR","GH","SH",6.94915254237288,0,0,"1",6.83791864949233,4.91021141918493,1.00831114316157,19.5807071602493
"TROR","GH","SH",7.11864406779661,0,0,"1",6.92041583073294,5.02922750550201,1.00815494516511,20.0164423940593
"TROR","GH","SH",7.28813559322034,0,0,"1",7.00458135718835,5.15246780355535,1.00963250028669,20.4081012779168
"TROR","GH","SH",7.45762711864407,0,0,"1",7.09045376326665,5.28007291268558,1.01433223301553,20.8845322383894
"TROR","GH","SH",7.6271186440678,0,0,"1",7.17807263999928,5.41218954752762,1.01340967154016,21.4134056517906
"TROR","GH","SH",7.79661016949153,0,0,"1",7.26747866746829,5.54897083448909,1.01163547978741,21.857431080631
"TROR","GH","SH",7.96610169491525,0,0,"1",7.35871364834502,5.6905766217932,1.00809350804319,22.3626857804979
"TROR","GH","SH",8.13559322033898,0,0,"1",7.45182054258195,5.83717380384866,1.00541857375398,22.8485835250945
"TROR","GH","SH",8.30508474576271,0,0,"1",7.54684350330114,5.98893666075184,1.00739935398734,23.3346405328294
"TROR","GH","SH",8.47457627118644,0,0,"1",7.64382791392448,6.14604721377031,1.00354296897332,23.8704306066299
"TROR","GH","SH",8.64406779661017,0,0,"1",7.74282042659281,6.30869559770214,1.00875573062467,24.3990662188987
"TROR","GH","SH",8.8135593220339,0,0,"1",7.84386900192278,6.47708045105253,1.01478878297547,24.9234005400558
"TROR","GH","SH",8.98305084745763,0,0,"1",7.94702295015265,6.65140932501786,1.0149602158204,25.511544907852
"TROR","GH","SH",9.15254237288136,0,0,"1",8.05233297372994,6.83189911231833,1.01201879976337,26.2490806435694
"TROR","GH","SH",9.32203389830508,0,0,"1",8.15985121139632,7.01877649697286,1.00550522261971,26.8790686077801
"TROR","GH","SH",9.49152542372881,0,0,"1",8.26963128382731,7.21227842616574,1.00188989099739,27.4837431952454
"TROR","GH","SH",9.66101694915254,0,0,"1",8.38172834088681,7.41265260541179,1.0008275729758,28.1037081302427
"TROR","GH","SH",9.83050847457627,0,0,"1",8.49619911055887,7.62015801828767,1.00281014869608,28.737451808709
"TROR","GH","SH",10,0,0,"1",8.61310194962182,7.83506547206053,0.995786608520758,29.4274437815514
"TROR","GH","SUN",0,0,0,"1",9.33362428255492,5.08055703068075,1.71165931781819,19.9108136791308
"TROR","GH","SUN",0.169491525423729,0,0,"1",9.41033730756814,5.1190926740712,1.72255285330366,20.1001411966701
"TROR","GH","SUN",0.338983050847458,0,0,"1",9.48850010391933,5.16030586494066,1.73352674771876,20.2198861635757
"TROR","GH","SUN",0.508474576271186,0,0,"1",9.56814018536328,5.20427371847594,1.7465109554605,20.4286252649003
"TROR","GH","SUN",0.677966101694915,0,0,"1",9.64928574277187,5.25107503979484,1.76866601018718,20.6302836427858
"TROR","GH","SUN",0.847457627118644,0,0,"1",9.73196566208459,5.30079034959139,1.7825856812687,20.8848711216516
"TROR","GH","SUN",1.01694915254237,0,0,"1",9.81620954280541,5.35350191713981,1.80685810343135,21.068648471488
"TROR","GH","SUN",1.1864406779661,0,0,"1",9.90204771706383,5.40929380134686,1.82267093801383,21.2982349769924
"TROR","GH","SUN",1.35593220338983,0,0,"1",9.98951126925912,5.46825190050534,1.83245715360524,21.5958043255214
"TROR","GH","SUN",1.52542372881356,0,0,"1",10.0786320563071,5.53046401135808,1.85325031135543,21.7635156880422
"TROR","GH","SUN",1.69491525423729,0,0,"1",10.1694427285098,5.59601989803231,1.85991421399477,22.035601559867
"TROR","GH","SUN",1.86440677966102,0,0,"1",10.2619767510683,5.66501137135018,1.86775359361431,22.2912210098979
"TROR","GH","SUN",2.03389830508475,0,0,"1",10.3562684262616,5.73753237896459,1.88592136951077,22.5163377259264
"TROR","GH","SUN",2.20338983050847,0,0,"1",10.4523529163128,5.81367910671116,1.89771836121514,22.8552268322846
"TROR","GH","SUN",2.3728813559322,0,0,"1",10.5502662669666,5.89355009150879,1.9041707269475,23.2095660906877
"TROR","GH","SUN",2.54237288135593,0,0,"1",10.6500454318024,5.97724634608555,1.90987445899595,23.5601846456227
"TROR","GH","SUN",2.71186440677966,0,0,"1",10.7517282973074,6.06487149575291,1.910946261179,23.9215906711576
"TROR","GH","SUN",2.88135593220339,0,0,"1",10.8553537087369,6.15653192740354,1.91579802900249,24.4131130799092
"TROR","GH","SUN",3.05084745762712,0,0,"1",10.9609614967874,6.25233695086494,1.92380988718678,24.8687815325839
"TROR","GH","SUN",3.22033898305085,0,0,"1",11.0685925051116,6.35239897270593,1.93098611315806,25.366865166146
"TROR","GH","SUN",3.38983050847458,0,0,"1",11.1782886187046,6.45683368256492,1.93429926818611,25.7590356365374
"TROR","GH","SUN",3.5593220338983,0,0,"1",11.2900927931901,6.56576025204957,1.95401404895939,26.2504833959809
"TROR","GH","SUN",3.72881355932203,0,0,"1",11.4040490850397,6.6793015462468,1.95671020967053,26.8324095123953
"TROR","GH","SUN",3.89830508474576,0,0,"1",11.5202026827561,6.79758434788028,1.96069989105612,27.44240361817
"TROR","GH","SUN",4.06779661016949,0,0,"1",11.6385999390561,6.92073959415983,1.96982470876485,27.9248126313834
"TROR","GH","SUN",4.23728813559322,0,0,"1",11.7592884040861,7.04890262638326,1.9789282505539,28.5586813918844
"TROR","GH","SUN",4.40677966101695,0,0,"1",11.8823168597087,7.18221345237542,1.99037217249828,29.111514957109
"TROR","GH","SUN",4.57627118644068,0,0,"1",12.0077353548967,7.32081702188167,1.99695211127881,29.5336748035364
"TROR","GH","SUN",4.74576271186441,0,0,"1",12.1355952422747,7.46486351507274,2.00347939274805,30.1389289858351
"TROR","GH","SUN",4.91525423728813,0,0,"1",12.2659492158487,7.61450864436424,2.00753279440717,30.8211038648221
"TROR","GH","SUN",5.08474576271186,0,0,"1",12.3988513499665,7.7699139698066,2.00249869379206,31.390425744943
"TROR","GH","SUN",5.25423728813559,0,0,"1",12.5343571395527,7.93124722835903,2.00927619613586,32.0677539111879
"TROR","GH","SUN",5.42372881355932,0,0,"1",12.6725235416638,8.09868267742327,2.01592621990797,32.6561535493251
"TROR","GH","SUN",5.59322033898305,0,0,"1",12.8134090184122,8.27240145307965,2.02278260625341,33.3717398857772
"TROR","GH","SUN",5.76271186440678,0,0,"1",12.9570735813069,8.45259194353722,2.03417914854432,34.0599417659296
"TROR","GH","SUN",5.93220338983051,0,0,"1",13.1035788370641,8.6394501783827,2.04270369349428,34.8067838961666
"TROR","GH","SUN",6.10169491525424,0,0,"1",13.2529880349392,8.83318023428748,2.04629045327767,35.5823857323949
"TROR","GH","SUN",6.27118644067797,0,0,"1",13.4053661156379,9.03399465790901,2.04978603107179,36.3984126346671
"TROR","GH","SUN",6.44067796610169,0,0,"1",13.5607797618629,9.24211490680095,2.0533306877435,37.0949829085177
"TROR","GH","SUN",6.61016949152542,0,0,"1",13.7192974505564,9.45777180922657,2.06781220058968,38.010440869237
"TROR","GH","SUN",6.77966101694915,0,0,"1",13.880989506901,9.68120604385034,2.07110565296,39.1150318961937
"TROR","GH","SUN",6.94915254237288,0,0,"1",14.0459281601449,9.91266864036529,2.0776861646434,39.9993172570433
"TROR","GH","SUN",7.11864406779661,0,0,"1",14.2141876013177,10.1524215021962,2.07748153267874,40.7971561676793
"TROR","GH","SUN",7.28813559322034,0,0,"1",14.385844042908,10.4007379525033,2.07963407461028,41.7544408699865
"TROR","GH","SUN",7.45762711864407,0,0,"1",14.5609757805759,10.6579033047973,2.08372643191902,42.6018543362736
"TROR","GH","SUN",7.6271186440678,0,0,"1",14.7396632569767,10.924215459561,2.08709765602761,43.431990208154
"TROR","GH","SUN",7.79661016949153,0,0,"1",14.9219891277751,11.1999855283659,2.09079219540634,44.2434761295078
"TROR","GH","SUN",7.96610169491525,0,0,"1",15.1080383299315,11.485538487057,2.09356009036839,45.3283843406001
"TROR","GH","SUN",8.13559322033898,0,0,"1",15.2978981523487,11.7812138596758,2.09572999323075,46.520722155249
"TROR","GH","SUN",8.30508474576271,0,0,"1",15.4916583089658,12.0873664348858,2.09216377014966,47.6328208858773
"TROR","GH","SUN",8.47457627118644,0,0,"1",15.689411014394,12.4043670167592,2.09550214065663,48.585584072489
"TROR","GH","SUN",8.64406779661017,0,0,"1",15.891251062191,12.7326032118896,2.08648485012457,49.4291383160197
"TROR","GH","SUN",8.8135593220339,0,0,"1",16.0972759058752,13.0724802548965,2.0993796524197,50.481562605281
"TROR","GH","SUN",8.98305084745763,0,0,"1",16.307585742784,13.4244218744952,2.09917785093812,51.6490006174422
"TROR","GH","SUN",9.15254237288136,0,0,"1",16.5222836008875,13.7888712024215,2.10676055570684,52.8825901478616
"TROR","GH","SUN",9.32203389830508,0,0,"1",16.7414754286697,14.1662917276147,2.10702296781146,54.0790550231833
"TROR","GH","SUN",9.49152542372881,0,0,"1",16.965270188198,14.5571682981856,2.09021710293522,55.3644355120863
"TROR","GH","SUN",9.66101694915254,0,0,"1",17.1937799515036,14.9620081738253,2.08077887329569,56.6986666076916
"TROR","GH","SUN",9.83050847457627,0,0,"1",17.4271200004035,15.3813421314433,2.08571123696885,57.9558533856529
"TROR","GH","SUN",10,0,0,"1",17.6654089298961,15.8157256269624,2.08861922543623,59.3132174875269
"TROR","PJ","SH",0,0,0,"1",5.59201324359347,3.0567397567665,1.02816116127092,12.1150850613841
"TROR","PJ","SH",0.169491525423729,0,0,"1",5.63949535395123,3.08437560730853,1.03291090715983,12.2440020243939
"TROR","PJ","SH",0.338983050847458,0,0,"1",5.68787387730602,3.1137148853792,1.04329762654036,12.374651941739
"TROR","PJ","SH",0.508474576271186,0,0,"1",5.73716608649066,3.14480545396552,1.04802763248718,12.496344471836
"TROR","PJ","SH",0.677966101694915,0,0,"1",5.7873896804263,3.17769620026079,1.05179984512903,12.6396904052556
"TROR","PJ","SH",0.847457627118644,0,0,"1",5.83856279548187,3.21243706306251,1.04884702969922,12.7764827487464
"TROR","PJ","SH",1.01694915254237,0,0,"1",5.89070401717859,3.2490790653672,1.059673793537,12.9533408217659
"TROR","PJ","SH",1.1864406779661,0,0,"1",5.94383239225059,3.28767435246666,1.06954907121879,13.0983396654551
"TROR","PJ","SH",1.35593220338983,0,0,"1",5.99796744107365,3.3282762358182,1.08074525740899,13.2381343293535
"TROR","PJ","SH",1.52542372881356,0,0,"1",6.05312917047422,3.37093924292809,1.08807793386379,13.4067996248519
"TROR","PJ","SH",1.69491525423729,0,0,"1",6.10933808693123,3.41571917345287,1.09814741795855,13.6156086061223
"TROR","PJ","SH",1.86440677966102,0,0,"1",6.16661521018406,3.46267316168906,1.10165930682866,13.8278706489594
"TROR","PJ","SH",2.03389830508475,0,0,"1",6.22498208725994,3.51185974558847,1.11027773026864,14.07017763716
"TROR","PJ","SH",2.20338983050847,0,0,"1",6.28446080693522,3.56333894240489,1.11939449170184,14.3470267504023
"TROR","PJ","SH",2.3728813559322,0,0,"1",6.34507401464474,3.61717233104876,1.12514143165852,14.5609432509653
"TROR","PJ","SH",2.54237288135593,0,0,"1",6.40684492785478,3.67342314120129,1.1335992861046,14.8056321364329
"TROR","PJ","SH",2.71186440677966,0,0,"1",6.46979735191498,3.7321563492171,1.14140555223217,15.0883397606549
"TROR","PJ","SH",2.88135593220339,0,0,"1",6.53395569640579,3.79343878082743,1.14902820598203,15.3471731746404
"TROR","PJ","SH",3.05084745762712,0,0,"1",6.59934499199805,3.85733922064272,1.15217696440849,15.6820348848118
"TROR","PJ","SH",3.22033898305085,0,0,"1",6.66599090784248,3.92392852844572,1.15735866274154,15.9344894700866
"TROR","PJ","SH",3.38983050847458,0,0,"1",6.73391976950696,3.99327976226279,1.16157761930121,16.2349238161881
"TROR","PJ","SH",3.5593220338983,0,0,"1",6.80315857748067,4.06546830820335,1.16385408292678,16.5124172051519
"TROR","PJ","SH",3.72881355932203,0,0,"1",6.87373502626449,4.14057201706369,1.16569266729418,16.7693301402073
"TROR","PJ","SH",3.89830508474576,0,0,"1",6.94567752406798,4.21867134770302,1.17161890986428,17.0541429061108
"TROR","PJ","SH",4.06779661016949,0,0,"1",7.01901521313394,4.29984951721491,1.17632218449645,17.4425109002525
"TROR","PJ","SH",4.23728813559322,0,0,"1",7.09377799071243,4.38419265793701,1.184991923227,17.7440938168478
"TROR","PJ","SH",4.40677966101695,0,0,"1",7.16999653070689,4.47178998136509,1.18703489690082,18.10167467564
"TROR","PJ","SH",4.57627118644068,0,0,"1",7.24770230601582,4.56273394906396,1.18853697265042,18.4336158545113
"TROR","PJ","SH",4.74576271186441,0,0,"1",7.32692761159449,4.65712045069676,1.19136685426509,18.7256415634588
"TROR","PJ","SH",4.91525423728813,0,0,"1",7.40770558826203,4.75504898932607,1.1992522554864,19.0385940659793
"TROR","PJ","SH",5.08474576271186,0,0,"1",7.49007024728013,4.8566228741737,1.19975619707959,19.4540299451302
"TROR","PJ","SH",5.25423728813559,0,0,"1",7.57405649573075,4.96194942106136,1.20613122715458,19.881868160014
"TROR","PJ","SH",5.42372881355932,0,0,"1",7.65970016272111,5.07114016079118,1.21069950368026,20.3516622041694
"TROR","PJ","SH",5.59322033898305,0,0,"1",7.74703802644557,5.18431105576256,1.21152396932756,20.7763657926531
"TROR","PJ","SH",5.76271186440678,0,0,"1",7.83610784213486,5.30158272516048,1.2103531196371,21.2409463733428
"TROR","PJ","SH",5.93220338983051,0,0,"1",7.92694837092445,5.42308067908938,1.21445130337731,21.6438406766814
"TROR","PJ","SH",6.10169491525424,0,0,"1",8.01959940967522,5.54893556206653,1.21828516885337,22.1366832818687
"TROR","PJ","SH",6.27118644067797,0,0,"1",8.11410182178054,5.67928340632844,1.22513022272277,22.598811586723
"TROR","PJ","SH",6.44067796610169,0,0,"1",8.21049756899561,5.81426589544436,1.23161452555209,23.1542897575891
"TROR","PJ","SH",6.61016949152542,0,0,"1",8.30882974432586,5.95403063877124,1.2325561421218,23.6591274333519
"TROR","PJ","SH",6.77966101694915,0,0,"1",8.40914260601315,6.09873145732522,1.23519391603067,24.2215603617678
"TROR","PJ","SH",6.94915254237288,0,0,"1",8.51148161265966,6.24852868168609,1.2337749425756,24.8877765412574
"TROR","PJ","SH",7.11864406779661,0,0,"1",8.61589345953098,6.40358946259213,1.23638366276078,25.3489074551922
"TROR","PJ","SH",7.28813559322034,0,0,"1",8.72242611608188,6.56408809492505,1.23088609172848,25.8994928280569
"TROR","PJ","SH",7.45762711864407,0,0,"1",8.8311288647494,6.73020635582711,1.22945404965623,26.4628264130359
"TROR","PJ","SH",7.6271186440678,0,0,"1",8.94205234106032,6.90213385773563,1.22431389691455,27.0620269556458
"TROR","PJ","SH",7.79661016949153,0,0,"1",9.05524857510129,7.08006841716455,1.21855673846889,27.7873582153348
"TROR","PJ","SH",7.96610169491525,0,0,"1",9.17077103440252,7.26421644010725,1.22266809037293,28.4877359259326
"TROR","PJ","SH",8.13559322033898,0,0,"1",9.28867466828727,7.45479332498207,1.21302418339173,29.2235096472676
"TROR","PJ","SH",8.30508474576271,0,0,"1",9.40901595374205,7.65202388408878,1.21691292364521,29.9499379534715
"TROR","PJ","SH",8.47457627118644,0,0,"1",9.5318529428644,7.85614278459435,1.21730508901352,30.5983876656816
"TROR","PJ","SH",8.64406779661017,0,0,"1",9.65724531194729,8.06739501011713,1.21921380732951,31.4240844471179
"TROR","PJ","SH",8.8135593220339,0,0,"1",9.78525441226195,8.28603634403154,1.21787747493616,32.1928279015633
"TROR","PJ","SH",8.98305084745763,0,0,"1",9.91594332260306,8.512333875671,1.21925502716333,32.9542199019648
"TROR","PJ","SH",9.15254237288136,0,0,"1",10.0493769036631,8.74656653066402,1.21482693905283,33.6899017789774
"TROR","PJ","SH",9.32203389830508,0,0,"1",10.1856218543051,8.98902562669889,1.2080543517424,34.453887114917
"TROR","PJ","SH",9.49152542372881,0,0,"1",10.3247467698065,9.24001545607525,1.20917452745731,35.094466656514
"TROR","PJ","SH",9.66101694915254,0,0,"1",10.466822202149,9.49985389646685,1.2107442380847,35.9080997958586
"TROR","PJ","SH",9.83050847457627,0,0,"1",10.611920722432,9.76887305138905,1.21006174524467,36.853916489374
"TROR","PJ","SH",10,0,0,"1",10.7601169854938,10.0474199219372,1.21105922909826,37.6913601167633
"TROR","PJ","SUN",0,0,0,"1",11.5573270097675,6.32519517632322,2.07716705636027,24.8945996948023
"TROR","PJ","SUN",0.169491525423729,0,0,"1",11.6544778422741,6.37943632434701,2.09049724694124,25.0692304676123
"TROR","PJ","SUN",0.338983050847458,0,0,"1",11.7534628305972,6.43713070940005,2.11422515255045,25.3263682919529
"TROR","PJ","SUN",0.508474576271186,0,0,"1",11.8543171662159,6.49837629125668,2.13473438796591,25.5482574296889
"TROR","PJ","SUN",0.677966101694915,0,0,"1",11.9570769077451,6.5632731317362,2.15159269347872,25.7399346115226
"TROR","PJ","SUN",0.847457627118644,0,0,"1",12.0617790040103,6.63192344229988,2.16974959693983,25.9985249545854
"TROR","PJ","SUN",1.01694915254237,0,0,"1",12.1684613178224,6.704431641871,2.18603937773857,26.366389460816
"TROR","PJ","SUN",1.1864406779661,0,0,"1",12.2771626504763,6.78090442558836,2.20566606327597,26.8124263761403
"TROR","PJ","SUN",1.35593220338983,0,0,"1",12.387922766998,6.86145084514377,2.20723077822926,27.2060955798944
"TROR","PJ","SUN",1.52542372881356,0,0,"1",12.500782422164,6.94618240128884,2.21098125766278,27.5426311806489
"TROR","PJ","SUN",1.69491525423729,0,0,"1",12.615783387319,7.03521314902764,2.23125038024471,27.9812629381442
"TROR","PJ","SUN",1.86440677966102,0,0,"1",12.7329684780194,7.12865981594121,2.24573502553977,28.3962734350345
"TROR","PJ","SUN",2.03389830508475,0,0,"1",12.8523815825292,7.22664193401971,2.25413131335691,28.7546071105884
"TROR","PJ","SUN",2.20338983050847,0,0,"1",12.9740676911975,7.32928198530929,2.26175374461763,29.1436761170042
"TROR","PJ","SUN",2.3728813559322,0,0,"1",13.0980729267473,7.43670556161645,2.26450960325405,29.5882808426069
"TROR","PJ","SUN",2.54237288135593,0,0,"1",13.2244445755068,7.54904153845321,2.26715250346008,30.103427946527
"TROR","PJ","SUN",2.71186440677966,0,0,"1",13.353231119614,7.66642226335402,2.27116578320132,30.6459187228819
"TROR","PJ","SUN",2.88135593220339,0,0,"1",13.4844822702296,7.78898375865079,2.28126813414061,31.137029525714
"TROR","PJ","SUN",3.05084745762712,0,0,"1",13.618249001791,7.91686593875713,2.28847921003689,31.7665891187881
"TROR","PJ","SUN",3.22033898305085,0,0,"1",13.7545835873436,8.05021284198711,2.30326191810957,32.4570074038493
"TROR","PJ","SUN",3.38983050847458,0,0,"1",13.8935396349869,8.18917287691846,2.32002363109549,33.1264080851218
"TROR","PJ","SUN",3.5593220338983,0,0,"1",14.0351721254733,8.33389908330496,2.33024829109882,33.8087128932796
"TROR","PJ","SUN",3.72881355932203,0,0,"1",14.1795374509996,8.48454940754816,2.34858548414586,34.3289953840618
"TROR","PJ","SUN",3.89830508474576,0,0,"1",14.3266934552324,8.64128699275426,2.33987968093648,35.1538049065803
"TROR","PJ","SUN",4.06779661016949,0,0,"1",14.476699474611,8.80428048342706,2.35133397857185,35.8558471402036
"TROR","PJ","SUN",4.23728813559322,0,0,"1",14.6296163809712,8.97370434488254,2.35995828880234,36.5224185790596
"TROR","PJ","SUN",4.40677966101695,0,0,"1",14.7855066255375,9.14973919751364,2.35832746057417,37.3177379115425
"TROR","PJ","SUN",4.57627118644068,0,0,"1",14.9444342843309,9.33257216608464,2.3636472648382,38.069362631939
"TROR","PJ","SUN",4.74576271186441,0,0,"1",15.1064651050425,9.52239724429201,2.37267962785189,38.7993359922486
"TROR","PJ","SUN",4.91525423728813,0,0,"1",15.2716665554245,9.71941567489293,2.39154307235931,39.4752109283986
"TROR","PJ","SUN",5.08474576271186,0,0,"1",15.4401078732523,9.92383634577104,2.3966342615086,40.2663849199563
"TROR","PJ","SUN",5.25423728813559,0,0,"1",15.6118601179146,10.1358762023833,2.40137070356482,41.1919049233742
"TROR","PJ","SUN",5.42372881355932,0,0,"1",15.7869962236869,10.3557606771083,2.42558999915379,41.995750190214
"TROR","PJ","SUN",5.59322033898305,0,0,"1",15.9655910547524,10.5837241360981,2.4333995260351,42.8004114460976
"TROR","PJ","SUN",5.76271186440678,0,0,"1",16.1477214620291,10.820010344316,2.44639388542049,43.7618152013288
"TROR","PJ","SUN",5.93220338983051,0,0,"1",16.3334663418709,11.064872949531,2.46192003992163,44.6249667925171
"TROR","PJ","SUN",6.10169491525424,0,0,"1",16.5229066967089,11.3185759861228,2.47122451543033,45.6930247786029
"TROR","PJ","SUN",6.27118644067797,0,0,"1",16.7161256977037,11.58139439964,2.48332839988944,46.648922881596
"TROR","PJ","SUN",6.44067796610169,0,0,"1",16.913208749481,11.8536145931448,2.4715717547166,47.8720667208651
"TROR","PJ","SUN",6.61016949152542,0,0,"1",17.1142435570276,12.1355349964638,2.4827318991989,48.677110036469
"TROR","PJ","SUN",6.77966101694915,0,0,"1",17.3193201948253,12.4274666595562,2.48239473356726,49.7154429977779
"TROR","PJ","SUN",6.94915254237288,0,0,"1",17.5285311783058,12.7297338713048,2.47193907093954,50.9525837985603
"TROR","PJ","SUN",7.11864406779661,0,0,"1",17.7419715377108,13.0426748051224,2.46712339360005,52.1786098291647
"TROR","PJ","SUN",7.28813559322034,0,0,"1",17.9597388944471,13.3666421928646,2.47646261571074,53.412486699362
"TROR","PJ","SUN",7.45762711864407,0,0,"1",18.1819335400282,13.7020040286316,2.48255195080115,54.895345944721
"TROR","PJ","SUN",7.6271186440678,0,0,"1",18.4086585176983,14.0491443041402,2.49040993702145,56.251129944361
"TROR","PJ","SUN",7.79661016949153,0,0,"1",18.6400197068385,14.4084637774438,2.47954413826829,57.6433436106867
"TROR","PJ","SUN",7.96610169491525,0,0,"1",18.8761259102595,14.7803807768805,2.46897996732802,58.8226281986894
"TROR","PJ","SUN",8.13559322033898,0,0,"1",19.1170889444879,15.1653320422319,2.45349601581201,59.9511631912445
"TROR","PJ","SUN",8.30508474576271,0,0,"1",19.3630237331591,15.5637736051812,2.45274137330826,61.4569422554422
"TROR","PJ","SUN",8.47457627118644,0,0,"1",19.6140484036331,15.9761817112688,2.44057788830166,62.9026312459142
"TROR","PJ","SUN",8.64406779661017,0,0,"1",19.8702843869559,16.4030537856582,2.44467482532488,64.2200868502137
"TROR","PJ","SUN",8.8135593220339,0,0,"1",20.1318565212916,16.8449094451404,2.4442654398352,66.0018499852567
"TROR","PJ","SUN",8.98305084745763,0,0,"1",20.3988931589588,17.3022915589304,2.45038436257472,67.4994607813529
"TROR","PJ","SUN",9.15254237288136,0,0,"1",20.6715262772067,17.7757673609319,2.44131120079136,69.1612356877955
"TROR","PJ","SUN",9.32203389830508,0,0,"1",20.9498915928752,18.2659296162855,2.43332684477694,70.7536037630128
"TROR","PJ","SUN",9.49152542372881,0,0,"1",21.2341286810873,18.7733978451482,2.42732566676512,72.6092214783748
"TROR","PJ","SUN",9.66101694915254,0,0,"1",21.5243810981283,19.2988196068019,2.42915934138054,74.3477019439779
"TROR","PJ","SUN",9.83050847457627,0,0,"1",21.8207965086738,19.8428718473389,2.42318203749091,75.8358165199936
"TROR","PJ","SUN",10,0,0,"1",22.1235268175344,20.4062623143322,2.42686080667273,77.7341576083628
